filename,country,area_px,perimeter_px,major_axis_px,minor_axis_px,aspect_ratio,extent,roundness,circularity,convexity,solidity,orientation
BH_L_004_leaf01_mask.png,BH,79795.0,1441.626540184021,583.3370361328125,205.77891540527344,2.8347755404578416,0.5557335376257966,0.29857036309469265,0.4824807660908871,0.9372504222592151,0.9263139565255246,0.5349685549736023
BH_L_007_leaf01_mask.png,BH,45332.0,1338.8468835353851,538.48388671875,183.96591186523438,2.9270851390839216,0.2900542588042588,0.1990533881419569,0.31779928816278236,0.9411776819555634,0.6744628935309172,117.48766326904297
BH_L_010_leaf01_mask.png,BH,68407.5,1387.325024485588,614.8401489257812,184.45262145996094,3.3333229100202533,0.49331145885916206,0.23040367375784057,0.4466395146334329,0.9400755771320953,0.8544422377936823,102.9255599975586
BH_L_014_leaf01_mask.png,BH,28648.0,722.8670928478241,214.83795166015625,179.64146423339844,1.1959263000719529,0.6584233509538038,0.7902826011450923,0.6889492988617091,0.9035362504802927,0.9191183547755784,87.26533508300781
BH_L_018_leaf01_mask.png,BH,29574.0,736.891478061676,286.7599792480469,143.31060791015625,2.0009682704564438,0.5720309477756286,0.4579131406765505,0.6844045126834882,0.9468260154584242,0.9682108364707808,23.115093231201172
BH_L_019_leaf01_mask.png,BH,42380.5,909.5849100351334,363.2823486328125,153.81829833984375,2.361762888770113,0.5222360508675079,0.4088722174004728,0.6437088003456967,0.9495881497960129,0.9759357980909834,139.3363037109375
BH_L_020_leaf01_mask.png,BH,329278.0,2389.027684688568,896.6527099609375,477.0801696777344,1.8794591914533412,0.7133714632349755,0.5214639656724085,0.7249869918258588,0.9462706068610659,0.9850423898671166,3.7229621410369873
BH_L_022_leaf01_mask.png,BH,651779.5,3733.9851781129837,1417.9798583984375,679.4055786132812,2.0870889245458404,0.6004439445193718,0.4127344228862172,0.5874425242497874,0.9396466391242654,0.9460016096176469,12.320569038391113
BH_L_026_leaf01_mask.png,BH,73676.5,1371.0306490659714,545.02294921875,189.58282470703125,2.874854038391887,0.41102649930264995,0.31579810983137857,0.4925434223266833,0.9389142531298945,0.9545195434464353,35.20622634887695
BH_SANAD_L_001_leaf01_mask.png,BH,676532.0,3922.45739030838,1592.4586181640625,608.8197021484375,2.615648955749139,0.47690117016777106,0.3396738792777738,0.5525629206313742,0.9359659093412728,0.902628773617002,151.38304138183594
BH_SANAD_L_003_leaf01_mask.png,BH,2347057.0,6504.750012874603,2360.512451171875,1305.0318603515625,1.8087776420538704,0.6696622410685575,0.5363165073399122,0.6970633989560916,0.9402269841221952,0.984554159231303,76.88036346435547
BH_SANAD_L_004_leaf01_mask.png,BH,1260232.5,4901.959040045738,1912.0963134765625,880.328125,2.1720268376936867,0.587095642597391,0.4388754276747112,0.6590542778606829,0.9422745410811773,0.980135692639489,24.432897567749023
BH_SANAD_L_005_leaf01_mask.png,BH,1149016.0,5135.697942972183,2053.92626953125,766.0696411132812,2.681122132116353,0.6912018864916729,0.3467899442034816,0.5474405897935558,0.9322413870537135,0.9496353170159221,2.247112512588501
BH_SANAD_L_006_leaf01_mask.png,BH,45983.0,987.6366448402405,394.4455261230469,156.36026000976562,2.5226712087739647,0.6977481715274195,0.37629924882109284,0.5923968970508318,0.9448609243123619,0.95584842122768,170.06565856933594
BH_SANAD_L_007_leaf01_mask.png,BH,34162.5,855.6538897752762,348.0508117675781,130.6204071044922,2.6645975118508742,0.681967900347347,0.35906614685879934,0.5863585345487314,0.9499186659954187,0.9765457507932425,177.7886505126953
BH_SANAD_L_008_leaf01_mask.png,BH,64057.5,1073.2173789739609,395.39398193359375,210.91986083984375,1.8746171193135075,0.6430184701867095,0.5216989878340696,0.6988829665549182,0.9265425748648355,0.9797571159817072,129.56918334960938
BH_SANAD_L_010_leaf01_mask.png,BH,49007.0,936.2884466648102,353.60833740234375,186.06134033203125,1.9004933360757295,0.6139227820509608,0.4990260805719813,0.7025037596091133,0.9380122038241663,0.9784863580548873,29.512792587280273
BH_SANAD_L_012_leaf01_mask.png,BH,63188.0,1081.7686755657196,404.24688720703125,215.62472534179688,1.8747705605942941,0.5840735776678837,0.4923243988245184,0.6785403373600429,0.9481762550169238,0.954465465805672,31.079030990600586
BH_SANAD_L_013_leaf01_mask.png,BH,55702.0,945.2001340389252,324.66619873046875,228.2667694091797,1.4223103939780575,0.6477353334496192,0.6728321808773244,0.7834893615706271,0.9403145944762258,0.9864260605470306,146.24951171875
BH_SANAD_L_020_leaf01_mask.png,BH,141555.5,2060.2063978910446,701.3822021484375,354.12884521484375,1.980584783267009,0.4097143832959959,0.36637630989263126,0.4190975761431782,0.8781301791408113,0.7542607013739213,147.48690795898438
BH_SANAD_L_023_leaf01_mask.png,BH,581634.5,3376.647084593773,1228.56298828125,660.4993896484375,1.8600516632349569,0.6085156801715795,0.4906427913465282,0.6410452388512671,0.9291197474626826,0.9635445269162689,119.26233673095703
BH_SANAD_L_024_leaf01_mask.png,BH,284313.0,2397.0621745586395,830.4337768554688,465.854248046875,1.7826042809250269,0.7470165371336686,0.5249244792595532,0.6217960864599855,0.8807130928700354,0.9702455704496438,91.30365753173828
BH_SANAD_L_027_leaf01_mask.png,BH,178356.0,1829.6753106117249,672.37939453125,357.18756103515625,1.8824266796487656,0.700052987930527,0.5023067924588717,0.6694983827311739,0.9366249370345654,0.9493510191806633,162.80482482910156
BH_SANAD_L_028_leaf01_mask.png,BH,105660.5,1486.3687425851822,609.360107421875,224.78623962402344,2.7108425695500236,0.4899651748906788,0.36230534560081745,0.6009929782479108,0.9509833257893282,0.9693223674251981,136.8137664794922
BH_SANAD_L_030_leaf01_mask.png,BH,51607.5,1017.6193999052048,376.08721923828125,195.54458618164062,1.9232811635548697,0.5841124139804419,0.464564254383403,0.6262560431815392,0.9345001036330818,0.9458159225863206,151.58326721191406
BH_SANAD_L_033_leaf01_mask.png,BH,88092.5,1192.790972828865,385.4027404785156,298.0003662109375,1.2932961975144386,0.7425319037745073,0.7551260573073283,0.7780725820703908,0.9402537212054755,0.9780285661946343,54.00499725341797
BH_SANAD_L_034_leaf01_mask.png,BH,67776.0,1044.6072072982788,348.4825134277344,254.48226928710938,1.3693783633883467,0.7676520557254503,0.7105981489599774,0.7805123193889871,0.9404825056350228,0.976944310311277,116.57630920410156
BH_SANAD_L_035_leaf01_mask.png,BH,91286.0,1248.0529463291168,459.5995178222656,258.36077880859375,1.7789059157572804,0.6965631962884962,0.5502438121089297,0.7364580636270139,0.9455060849257009,0.9849218037730556,3.4668140411376953
BH_SANAD_L_036_leaf01_mask.png,BH,69453.5,1131.325024485588,434.7811584472656,204.78208923339844,2.1231405543075983,0.6060832155261183,0.4678028077642188,0.6819133815331134,0.9487625763112101,0.984653226721107,118.71697998046875
BH_SANAD_L_038_leaf01_mask.png,BH,55208.5,1010.1290663480759,384.4057922363281,186.92173767089844,2.0565066269238717,0.6058545953360768,0.47570336143256675,0.6799266682868698,0.9478236539117909,0.9786572124972303,118.0044937133789
BH_SANAD_L_039_leaf01_mask.png,BH,108857.0,1394.8813734054565,524.0278930664062,273.1956481933594,1.9181414364826033,0.634423955613577,0.5047283176383995,0.7030588436390982,0.9472252130659015,0.9742949458063708,57.08139419555664
BH_SANAD_L_040_leaf01_mask.png,BH,112592.5,1419.4326699972153,524.6510620117188,280.8079528808594,1.8683625468197356,0.6641332365970047,0.5208089852867642,0.702246741422206,0.9479344860385771,0.982332540842367,83.50823211669922
BH_SANAD_L_042_leaf01_mask.png,BH,46323.0,966.2295715808868,369.54437255859375,171.90023803710938,2.1497606796729243,0.5198989898989899,0.43189045886768646,0.6235135440538901,0.9472562437703317,0.9786721597211219,136.65663146972656
BH_SANAD_L_043_leaf01_mask.png,BH,29482.5,742.4823168516159,287.5755310058594,132.37890625,2.1723667248222136,0.7015633923472302,0.4539108511553273,0.672050551073162,0.9513056123811586,0.9878373624164447,84.66814422607422
BH_SANAD_L_049_leaf01_mask.png,BH,163270.0,1749.1555395126343,642.5941162109375,338.4311218261719,1.8987441602400639,0.6472495758210044,0.5034345554874379,0.6705935889823635,0.913373621252616,0.9642460608065011,151.80618286132812
BH_SANAD_L_053_leaf01_mask.png,BH,67286.5,1137.6681703329086,436.72222900390625,202.20860290527344,2.159760874311035,0.5818215619811843,0.4491872921740301,0.6532908678217477,0.9407848727748371,0.9761144879810831,30.90771484375
BH_SANAD_L_054_leaf01_mask.png,BH,323270.5,2339.0104397535324,854.1774291992188,490.21893310546875,1.742440716820388,0.7106283028656344,0.5641310585437623,0.74252591999517,0.9486859630563304,0.9804216228019629,170.84095764160156
BH_SANAD_L_055_leaf01_mask.png,BH,351423.0,2736.272413253784,985.3203735351562,504.67327880859375,1.9523925971694975,0.6297767789940001,0.46087736040012117,0.5898225629779652,0.917861294708967,0.9270943667006544,172.3081512451172
BH_SANAD_L_057_leaf01_mask.png,BH,351181.0,2442.6357684135437,895.8179931640625,504.60272216796875,1.7752936197317395,0.7548253834514066,0.5571877595515866,0.7396452124395618,0.9406818160968863,0.9900803356080288,162.46022033691406
BH_SANAD_L_060_leaf01_mask.png,BH,234082.0,1916.670258283615,614.068359375,492.02337646484375,1.2480471228563195,0.786333342291258,0.7903959336001658,0.8007244242531296,0.9362945083345449,0.9719237348657223,23.65839195251465
BH_SANAD_L_061_leaf01_mask.png,BH,200161.0,1935.3220601081848,740.5584716796875,349.8867492675781,2.116566212438473,0.7124206734790486,0.46469807327017265,0.6715569253240481,0.9449639211607774,0.9756835868476403,4.073692798614502
BH_SANAD_L_062_leaf01_mask.png,BH,275089.5,2242.951564669609,805.03466796875,443.8579406738281,1.8137214504861927,0.6462642807304404,0.5404493093344392,0.6871381911617118,0.9179064639692397,0.9608032496018329,146.16700744628906
BH_SANAD_L_064_leaf01_mask.png,BH,417760.5,2990.975949883461,1119.14306640625,497.93475341796875,2.247569704111085,0.6309094835658062,0.42468436853032565,0.5868287685370606,0.9334299645944834,0.9597776542268212,159.05364990234375
BH_SANAD_L_066_leaf01_mask.png,BH,941433.0,4423.143682003021,1548.9659423828125,846.4838256835938,1.829882503817384,0.5662485812704239,0.4995923715873742,0.6046961269795571,0.907403724795407,0.9110785944681061,133.97593688964844
BH_SANAD_L_077_leaf01_mask.png,BH,320519.5,2473.2114502191544,887.5462036132812,479.4417419433594,1.851207614955927,0.6276511999060049,0.5180630688427827,0.6584788400416818,0.9350283908442012,0.9551238307522223,16.88429069519043
BH_SANAD_L_081_leaf01_mask.png,BH,462623.0,2800.1302778720856,1036.377685546875,575.6151733398438,1.8004697123141968,0.6606068827645295,0.5484047807768806,0.7414478485145377,0.9414516102674909,0.9940095958196089,149.4031524658203
BH_SANAD_L_082_leaf01_mask.png,BH,418121.0,2579.537351131439,895.5734252929688,602.8323364257812,1.4856094658140968,0.7549654405338841,0.6637578996445589,0.7896382965257143,0.9405786760107503,0.9843734733972364,10.3389892578125
BH_SANAD_L_084_leaf01_mask.png,BH,543086.5,3109.000335097313,1133.010498046875,626.112060546875,1.8095969866117123,0.6849905024733931,0.5386556978375618,0.7060530502597934,0.9389562114328036,0.9866953604543526,158.0343475341797
BH_SANAD_L_085_leaf01_mask.png,BH,248611.5,2161.4124606847763,767.117431640625,473.27301025390625,1.6208771998831586,0.5808245645185407,0.5379075368073449,0.6687376522324211,0.9348349558078662,0.929178634364938,57.08149337768555
BH_SANAD_L_086_leaf01_mask.png,BH,544453.5,2946.6815744638443,1037.7008056640625,673.2987060546875,1.541219070128106,0.7265890237652937,0.6437638784495385,0.7879601298138295,0.9394490910830925,0.990157593084127,89.83338928222656
BH_SANAD_L_088_leaf01_mask.png,BH,223065.5,2449.353585600853,875.24658203125,440.1416931152344,1.988556402908415,0.5047187528283102,0.37075044235553856,0.4672392331302926,0.8976704492506425,0.7800106651747079,103.14681243896484
BH_SANAD_L_089_leaf01_mask.png,BH,511913.0,2923.811517238617,1063.4744873046875,623.1427001953125,1.706630739590404,0.6626825599428339,0.5763046528078412,0.7525013399253497,0.9436922248397346,0.9897594688419297,148.18141174316406
BH_SANAD_L_090_leaf01_mask.png,BH,334782.0,2413.8460071086884,883.5206298828125,504.52557373046875,1.7511909720453798,0.6574666142969364,0.5460580690342746,0.7220260095789554,0.9516879803702475,0.9908457269700333,10.254074096679688
BH_SANAD_L_092_leaf01_mask.png,BH,167163.0,2418.968809604645,996.4295043945312,288.2209167480469,3.457172767462872,0.384884417019709,0.2143665991777256,0.3589958957666511,0.9360269445007853,0.8019063883678649,158.6680145263672
BH_SANAD_L_094_leaf01_mask.png,BH,213292.0,2194.968809604645,869.5899047851562,325.0542907714844,2.675214354873674,0.48426587716032005,0.35913332512939283,0.556323907753202,0.9364372346386997,0.9563484323682058,142.9014129638672
BH_SANAD_L_095_leaf01_mask.png,BH,81254.0,1377.4011445045471,570.8587036132812,184.30409240722656,3.0973739983589095,0.6302326122534457,0.31746628841299823,0.5381876588679825,0.9489797224301498,0.9687568927385558,165.169189453125
BH_SANAD_L_096_leaf01_mask.png,BH,570863.0,3380.0268082618713,1236.5333251953125,640.8876342773438,1.9294073704349293,0.6175210369920049,0.47536845995527227,0.6279158847938948,0.914987725544975,0.9277309422141687,26.772111892700195
BH_SANAD_L_097_leaf01_mask.png,BH,417862.5,2890.0785430669785,1117.053466796875,497.6526794433594,2.244644735051634,0.5404829471963245,0.42637879255413913,0.6286717871219138,0.9330797692702988,0.9458781905598362,127.65441131591797
BH_SANAD_L_098_leaf01_mask.png,BH,483967.5,2919.9465123414993,1086.3114013671875,576.7081909179688,1.8836413605259597,0.644344960724271,0.522176883087353,0.7133066455223028,0.9472952822740077,0.9885381113160491,33.750144958496094
BH_SANAD_L_100_leaf01_mask.png,BH,288603.0,2845.7038717269897,1055.0281982421875,421.7461242675781,2.501571769211616,0.5146227298258753,0.33012835290661924,0.44784867715279675,0.8743347419803565,0.8794568511444857,72.12166595458984
BH_SANAD_L_101_leaf01_mask.png,BH,1465750.0,6206.573387622833,1642.1800537109375,1177.2100830078125,1.3949762046848178,0.6446946348826971,0.6920356632879319,0.47815200038121525,0.7666942381371562,0.9301004819452949,4.477354526519775
BH_SANAD_L_102_leaf01_mask.png,BH,595589.0,3085.718152284622,1127.9058837890625,676.3717651367188,1.6675827435834385,0.676204781659934,0.596088937939716,0.7860388678985273,0.9480453490553944,0.9917053867947226,39.1256217956543
BH_SANAD_L_104_leaf01_mask.png,BH,710606.0,3766.727380514145,1465.9490966796875,627.9200439453125,2.3346110875341983,0.5439954312731192,0.4210185278470751,0.6293762583326356,0.9397966404146426,0.9672523988841165,37.04294204711914
BH_SANAD_L_105_leaf01_mask.png,BH,372586.0,2567.630716085434,978.5642700195312,492.3298645019531,1.987619156537373,0.7403067043390835,0.4954022125128651,0.7101846338789322,0.9433722367799592,0.9782793347135484,169.90997314453125
BH_SANAD_L_107_leaf01_mask.png,BH,316521.5,3162.6125947237015,1389.9498291015625,358.8305969238281,3.873554376402909,0.36324497459179317,0.20860037502794732,0.3976684045999258,0.9414329469380356,0.919698220003603,152.21946716308594
BH_SANAD_L_115_leaf01_mask.png,BH,750326.0,3370.879620552063,1203.6502685546875,800.4559326171875,1.5037058500137632,0.7404221138057345,0.6594159993831183,0.8297998898146566,0.9582465493016846,0.9947691249105926,3.2609140872955322
BH_SANAD_L_116_leaf01_mask.png,BH,311784.0,3105.811517238617,1288.0223388671875,458.0580749511719,2.811919294304523,0.4861370546503469,0.2392859243027363,0.4061752872562244,0.9392223924278847,0.8010822102062288,8.51622486114502
BH_SANAD_L_117_leaf01_mask.png,BH,140482.5,1556.261097073555,529.7648315429688,351.3665771484375,1.5077268755678077,0.6872920743639922,0.6373325469507725,0.7288986885110028,0.9152061890882518,0.964776133753172,17.726892471313477
BH_SANAD_L_123_leaf01_mask.png,BH,250935.0,2148.9099345207214,773.7899780273438,432.6185302734375,1.788619589499017,0.5998407978275836,0.5336114719807243,0.6828647221039847,0.9341890721647591,0.9446822447850197,26.41834831237793
BH_SANAD_L_124_leaf01_mask.png,BH,164356.0,1768.008351802826,655.9181518554688,332.8699035644531,1.9704940123205348,0.5809192574684368,0.48640315391857225,0.6607342242752862,0.9228894797090931,0.958327259581465,34.96117401123047
BH_SANAD_L_125_leaf01_mask.png,BH,234571.5,2155.373794913292,851.7691650390625,374.70458984375,2.2731751575134056,0.7106999700051809,0.41166271640200036,0.6345121056254438,0.9387021431914321,0.9761935478501157,172.88760375976562
BH_SANAD_L_126_leaf01_mask.png,BH,315545.5,2541.049105525017,1025.16943359375,408.3778381347656,2.5103454151090387,0.49615944626841263,0.3822793264206207,0.6141093920524195,0.9443646424357104,0.9890282279044401,138.84719848632812
BH_SANAD_L_128_leaf01_mask.png,BH,211631.5,2096.667293906212,685.88232421875,439.563720703125,1.560370640055586,0.545667027640264,0.5727844339901643,0.6049662305797342,0.8924201231720784,0.8849616545817965,49.53654861450195
BH_SANAD_L_129_leaf01_mask.png,BH,91899.5,1358.8641284704208,482.9852600097656,249.8173370361328,1.9333536484695941,0.6191520467836257,0.5015976732580204,0.625418817540542,0.9259724143637934,0.9597057164936611,17.352252960205078
BH_SANAD_L_131_leaf01_mask.png,BH,123612.0,1506.4448626041412,560.3897094726562,288.99163818359375,1.9391208444468755,0.6456013537510185,0.501176211088865,0.684485126951441,0.9513212859673404,0.9805884546125228,13.437495231628418
BH_SANAD_L_133_leaf01_mask.png,BH,67134.0,1445.58194565773,615.867431640625,165.38766479492188,3.723780926493466,0.3215029715582842,0.22536069134373668,0.4037076296248983,0.9272956282992836,0.8795288846383116,45.860626220703125
BH_SANAD_L_135_leaf01_mask.png,BH,249035.0,2072.7535185813904,735.4693603515625,445.1009826660156,1.6523651687900824,0.6617076566618485,0.5861939574588744,0.7284083743470701,0.9414241683409362,0.9708910084346485,136.04234313964844
BH_SANAD_L_136_leaf01_mask.png,BH,135504.0,1564.160591840744,575.52880859375,325.822998046875,1.7663848532599615,0.676816111244306,0.5208685063475684,0.695984070621644,0.9411126141711819,0.9607930030808283,3.153507947921753
BH_SANAD_L_138_leaf01_mask.png,BH,284085.0,2123.145434856415,674.3892822265625,548.3560180664062,1.2298383896735015,0.7259919347007201,0.7953112073857225,0.7919516694741253,0.9342864355547816,0.9639410678900079,96.8641128540039
BH_SANAD_L_140_leaf01_mask.png,BH,188039.5,2264.7017837762833,868.6676635742188,319.57501220703125,2.7181964496381434,0.46125872650650285,0.31728672079632825,0.4607198322818347,0.8885507939692712,0.8596425461103632,151.888916015625
BH_SANAD_L_141_leaf01_mask.png,BH,224506.0,2006.6357684135437,698.2196655273438,435.7330322265625,1.6024024204901213,0.6680413966304238,0.5863459334348781,0.7006493405268935,0.925611680827877,0.9683661145617667,85.32828521728516
BH_SANAD_L_142_leaf01_mask.png,BH,405494.5,3291.485616326332,1026.5521240234375,595.0892333984375,1.7250389797190588,0.5640650234601372,0.48992891838671493,0.4703389104866671,0.8277671393465625,0.8371888242550621,40.901607513427734
BH_SANAD_L_143_leaf01_mask.png,BH,553537.0,3242.036912918091,1057.4615478515625,749.541259765625,1.4108116585632944,0.630239691402443,0.6302714078365813,0.6617906227170062,0.921619948019529,0.9256765683190603,171.49530029296875
BH_SANAD_L_145_leaf01_mask.png,BH,422486.0,3014.0612981319427,1090.9715576171875,524.7001342773438,2.0792286609946364,0.5108929616569684,0.4519554045321671,0.5844105202586473,0.9304117767117059,0.9187773875411832,41.510406494140625
BH_SANAD_L_146_leaf01_mask.png,BH,363949.5,2538.4763880968094,948.7286987304688,533.5880126953125,1.7780172645523962,0.7069726107226108,0.5148339399303425,0.7097489110144792,0.9487230723983674,0.9443838986151439,83.71490478515625
BH_SANAD_L_147_leaf01_mask.png,BH,687044.5,3342.352709174156,1100.482666015625,818.6315307617188,1.3442954793002535,0.6933092423135452,0.722318226036758,0.7728410388276126,0.9305194835586413,0.97741631681602,98.14884185791016
BH_SANAD_L_148_leaf01_mask.png,BH,318333.5,3355.176960349083,1469.1787109375,359.4986267089844,4.086743597290028,0.4675695405287107,0.1877773516782003,0.35535411301622727,0.928814114080262,0.8158893295828074,171.3877410888672
BH_SANAD_L_151_leaf01_mask.png,BH,170364.5,1772.9961591959,624.8521118164062,375.6532287597656,1.6633747935013918,0.6205204133293997,0.5555648207579799,0.6810411871353808,0.9265997422001752,0.9429882461690039,47.13791275024414
BH_SANAD_L_154_leaf01_mask.png,BH,784688.5,3853.58315718174,1256.8968505859375,835.3930053710938,1.50455754657367,0.669438046000546,0.632423690898705,0.6640146811559736,0.8921974028621956,0.9476885637422592,155.65260314941406
BH_SANAD_L_155_leaf01_mask.png,BH,1272919.5,5445.424988389015,1381.6180419921875,1224.251220703125,1.1285412819100005,0.6797666645483805,0.8490535192542059,0.5394450889490713,0.7865348940518293,0.9263545243963942,162.10235595703125
BH_SANAD_L_156_leaf01_mask.png,BH,1416449.5,6399.567123770714,2384.6064453125,838.6824340820312,2.8432769644478597,0.5569888967884208,0.3171595457304483,0.4346200547295355,0.8869416422063948,0.8999003816374387,11.336885452270508
BH_SANAD_L_158_leaf01_mask.png,BH,819958.5,3809.9506882429123,1368.9124755859375,794.2057495117188,1.7236244844960529,0.6550874106599301,0.5571224098764531,0.7098441816732126,0.9305122876705892,0.9818192594792263,158.5445098876953
BH_SANAD_L_163_leaf01_mask.png,BH,227752.0,2156.0226323604584,724.5843505859375,426.8341979980469,1.6975780150334934,0.6600837596185894,0.5523246398462945,0.6156947246807051,0.8913211239799347,0.9289061639673224,9.91061019897461
BH_SANAD_L_164_leaf01_mask.png,BH,750702.0,3813.8501830101013,1329.4017333984375,747.6986694335938,1.7779913055154999,0.6680014201777358,0.5408355242948345,0.6485600284339852,0.9100959340228812,0.9503435127549761,2.4811058044433594
BH_SANAD_L_165_leaf01_mask.png,BH,935922.5,4366.04822909832,1696.23974609375,759.2511596679688,2.234095693492967,0.6006757519979257,0.4141670417623287,0.6169822848258993,0.9454804929535149,0.9597767923982665,14.648192405700684
BH_SANAD_L_166_leaf01_mask.png,BH,284640.5,2224.3241480588913,864.3048706054688,423.82086181640625,2.0393164859824067,0.6123039228340088,0.48514648760558227,0.7229535659071444,0.9541223957777344,0.9968760123628658,43.57329559326172
BH_SANAD_L_167_leaf01_mask.png,BH,224701.5,1955.2459400892258,713.564453125,404.56201171875,1.7637949991732476,0.6979239463655085,0.5618878949471527,0.7386063720203496,0.9383844062082892,0.9902539739900315,168.38323974609375
BH_SANAD_L_169_leaf01_mask.png,BH,943960.0,5208.384234666824,1512.3282470703125,844.4566040039062,1.7908892415545807,0.7103238356102535,0.5254986230246957,0.4372777949033838,0.7664165003310387,0.9065063311682855,6.255006790161133
BH_SANAD_L_173_leaf01_mask.png,BH,697805.0,3637.766922712326,1330.3292236328125,695.8551025390625,1.9117905707361442,0.5863828721630634,0.5020256796372544,0.6626347410074477,0.9361557088239354,0.9790339790262624,138.19325256347656
BH_SANAD_L_176_leaf01_mask.png,BH,328798.0,2777.3119554519653,1079.8975830078125,456.9893798828125,2.3630693196518804,0.5815357731572208,0.3589832189510264,0.5356606005299634,0.9312554050018087,0.9105922070225143,9.084341049194336
BH_SANAD_L_177_leaf01_mask.png,BH,813159.5,4144.598314166069,1686.4984130859375,626.10888671875,2.6936183926798627,0.7470953521960111,0.3640105618917892,0.5948681435470535,0.9420520653773192,0.9613308688052575,92.08047485351562
BH_SANAD_L_179_leaf01_mask.png,BH,213527.5,1943.883461356163,734.9014282226562,373.0926818847656,1.9697556770884073,0.7035270666534875,0.5033913529777796,0.7101060777841993,0.9446756981483999,0.9928625399593142,14.814932823181152
BH_SANAD_L_180_leaf01_mask.png,BH,243554.5,2026.9372841119766,750.3047485351562,418.66497802734375,1.7921364047941755,0.7038374398187482,0.5508468708882376,0.7449470412398975,0.9441970231624612,0.9906448732888762,108.15020751953125
BH_SANAD_L_181_leaf01_mask.png,BH,269017.0,2654.365778207779,729.7171020507812,506.62017822265625,1.440363280852338,0.6633010580092856,0.6432514804499723,0.4798086246781783,0.766400676034034,0.8903322317960904,61.32925033569336
BH_SANAD_L_184_leaf01_mask.png,BH,122457.0,1837.7484662532806,713.718994140625,301.2585144042969,2.3691247218420366,0.3849202856639928,0.3060830109272885,0.45563947396655646,0.9242963164924883,0.8094885541093491,40.71892166137695
BH_SANAD_L_185_leaf01_mask.png,BH,167131.5,2254.309867501259,903.6704711914062,308.82110595703125,2.926194012520443,0.5034536253275899,0.2605843004736317,0.4132767284939681,0.916650884540011,0.8174128452930589,168.48512268066406
BH_SANAD_L_187_leaf01_mask.png,BH,98448.0,1482.7047481536865,583.5848999023438,231.31228637695312,2.522930835378615,0.5734857222746496,0.3680517814426877,0.5627395061426952,0.9272863651366489,0.9170322760933352,167.31280517578125
BH_SANAD_L_188_leaf01_mask.png,BH,1483099.0,5691.844254255295,1992.6995849609375,978.703369140625,2.036060820665895,0.7171901369969003,0.475550453329269,0.5752729985334032,0.8780078663950259,0.9550462744734395,85.5100326538086
BH_SANAD_L_192_leaf01_mask.png,BH,4999208.5,10524.079213261604,3593.95361328125,1839.57373046875,1.9536882668820557,0.7318992425107533,0.49279516013747876,0.5672087182179235,0.8725438059332222,0.9542593092951078,91.58263397216797
BH_SANAD_L_193_leaf01_mask.png,BH,6765751.5,18251.239598870277,4541.39697265625,2378.282958984375,1.9095276091939934,0.4627907306028088,0.41768341295106354,0.255235555540417,0.6649756974078251,0.7679924823419659,25.399444580078125
BH_SANAD_L_199_leaf01_mask.png,BH,476241.5,2980.2795535326004,1155.0562744140625,535.3988647460938,2.1573752775173207,0.6760722235471818,0.45449705017686487,0.6737877251293364,0.9448649006958636,0.9667993649968737,172.0585479736328
BH_SANAD_L_203_leaf01_mask.png,BH,432247.0,3238.8653399944305,1255.9200439453125,507.3292541503906,2.4755521856285716,0.606022836248619,0.3489137810225366,0.5177928721368862,0.921277414143317,0.8824771187253859,11.630279541015625
BH_SANAD_L_209_leaf01_mask.png,BH,138714.5,1616.6042429208755,595.48974609375,317.4096984863281,1.876091842604487,0.69640687598526,0.4980619953577881,0.6669976383363343,0.9349443669952955,0.9413722782288849,178.75167846679688
BH_SANAD_L_215_leaf01_mask.png,BH,764177.0,4064.2379233837128,1677.1099853515625,609.3355102539062,2.752358851780559,0.6713495040719689,0.3459242368514228,0.5813605772809045,0.9381678829624739,0.9528219252893807,171.7661590576172
BH_SANAD_L_216_leaf01_mask.png,BH,662890.5,3731.2542918920517,1457.8929443359375,594.6550903320312,2.4516614219545474,0.516569985365329,0.39710069345216586,0.5983316317127405,0.9406270815212942,0.9650367517000118,143.7368927001953
BH_SANAD_L_219_leaf01_mask.png,BH,1295616.5,5310.86655151844,1997.9215087890625,896.1868286132812,2.2293582599072064,0.5564382990968085,0.413266064194711,0.5772388549867802,0.9277787608349415,0.9122055576521215,55.27659225463867
BH_SANAD_L_224_leaf01_mask.png,BH,1109557.5,5063.140717625618,1918.3741455078125,897.729248046875,2.13691839681227,0.49546203515164505,0.3838780735112137,0.5439007804182863,0.9340477847884311,0.9242707843940863,111.61947631835938
BH_SANAD_L_226_leaf01_mask.png,BH,650541.0,3556.5953497886658,1085.5823974609375,813.6852416992188,1.3341552013330313,0.6808511306335441,0.7028444279875684,0.6462724225983668,0.8746268215950204,0.9534264764721486,145.28314208984375
BH_SANAD_L_228_leaf01_mask.png,BH,556904.0,3201.4481620788574,1119.23583984375,663.6993408203125,1.686359727976237,0.6326585327062458,0.566040151808344,0.6828058810271825,0.9210341220922261,0.9474733657945686,127.82913208007812
BH_SANAD_L_231_leaf01_mask.png,BH,1644036.5,5798.645331740379,1659.52490234375,1277.4228515625,1.2991194734882625,0.7288365030810835,0.7600707618112468,0.6144240781280812,0.8280789999387593,0.9357007440477038,58.294410705566406
BH_SANAD_L_232_leaf01_mask.png,BH,1566198.5,5642.208820939064,2198.565185546875,960.953369140625,2.287899971164094,0.5726418992043992,0.4125515556820254,0.6182417882314142,0.9284863422477726,0.9199960408764818,25.364919662475586
BH_SANAD_L_233_leaf01_mask.png,BH,982813.5,4206.602490067482,1395.1934814453125,948.334228515625,1.4712043913348267,0.720979647349842,0.6428540065698156,0.6979399021489092,0.9096052619370485,0.9708027286412505,78.4936752319336
BH_SANAD_L_234_leaf01_mask.png,BH,1880430.0,5998.642367362976,2216.1484375,1139.846435546875,1.9442517591738024,0.5829250690980243,0.48749436246630473,0.6566910451753618,0.9293527055150461,0.9661808693176958,139.72157287597656
BH_SANAD_L_235_leaf01_mask.png,BH,580679.0,3619.860287666321,1526.5604248046875,547.3941650390625,2.7887773058299787,0.5895008806793667,0.31726213331694497,0.5568809564592498,0.9416202407643681,0.9582232871366206,104.41227722167969
BH_SANAD_L_239_leaf01_mask.png,BH,1586564.5,5937.008686900139,1725.6339111328125,1254.85107421875,1.375170286408022,0.638907245231747,0.6783760672412478,0.5656297293845431,0.8382324344598279,0.9340930393027292,48.72258758544922
BH_SANAD_L_240_leaf01_mask.png,BH,1736303.5,6767.512424588203,2222.486083984375,1095.1651611328125,2.029361563771339,0.6107757395567163,0.44756658881905254,0.47640617407335795,0.8395659362382945,0.8891756411533398,89.32221221923828
BH_SANAD_L_243_leaf01_mask.png,BH,1333286.5,4910.2147496938705,1748.7537841796875,1018.4755859375,1.7170306370868686,0.6847128213555735,0.5551064400482424,0.6949160984823936,0.9277288979000363,0.9601888133593842,67.82685089111328
BH_SANAD_L_244_leaf01_mask.png,BH,325342.5,2600.3384286165237,955.7564697265625,466.8402404785156,2.04728810170028,0.5267740478260658,0.45347821148859824,0.6046317032637466,0.911539868091124,0.8877678406974603,151.6240692138672
BH_SANAD_L_245_leaf01_mask.png,BH,2322123.0,6706.067897081375,2581.189697265625,1197.394287109375,2.1556723003054117,0.5608021509318314,0.4437674999243476,0.6488722355492119,0.9398894658892899,0.9443708797800652,130.35745239257812
BH_SANAD_L_247_leaf01_mask.png,BH,1284543.5,4834.572176098824,1755.23876953125,956.2393188476562,1.8355643142204727,0.652410867288531,0.5308679768746352,0.6906254579758644,0.9281776403946911,0.9725606362882679,14.874984741210938
BH_SANAD_L_249_leaf01_mask.png,BH,1323292.5,5353.581404328346,1829.54150390625,1122.4136962890625,1.6300063959973954,0.5408465504233039,0.5033631717909802,0.5801988899424355,0.9113186560913559,0.8596015201774948,11.437254905700684
BH_SANAD_L_253_leaf01_mask.png,BH,789086.0,5137.565912246704,2305.221923828125,529.3504028320312,4.354812826239781,0.5968672799584885,0.18906405758262504,0.3756811363056991,0.9298639895687846,0.856022230286107,5.047872066497803
BH_SANAD_L_257_leaf01_mask.png,BH,1147510.5,4850.381270289421,1833.4620361328125,839.0717163085938,2.1851076618324505,0.6414686843164438,0.4346332457383062,0.6129355002674387,0.9361746991585939,0.9569158322047806,169.67884826660156
BH_SANAD_L_262_leaf01_mask.png,BH,256173.0,2089.429705619812,758.635498046875,447.3724670410156,1.6957581298299307,0.6587642625151401,0.5667312390192393,0.7373737766253895,0.9523807584778213,0.9944719853103879,114.78561401367188
BH_SANAD_L_263_leaf01_mask.png,BH,3322223.0,7402.934989929199,2666.365478515625,1608.300048828125,1.657878130674964,0.6925176015235198,0.5949761312972773,0.7617821172637497,0.9499153780201604,0.9879705853139495,5.1183295249938965
BH_SANAD_L_264_leaf01_mask.png,BH,3066972.0,7100.342063188553,2558.668701171875,1550.7830810546875,1.649920438538525,0.6914883255323179,0.5964744101758596,0.7644712053661815,0.950136434934659,0.9905891556143533,4.232720375061035
BH_SANAD_L_265_leaf01_mask.png,BH,1835984.5,6149.106227755547,2413.072021484375,1017.4600219726562,2.3716627379677284,0.696563175322941,0.4014565615795362,0.6101756649110326,0.9400582536731736,0.9579035404904184,5.705286979675293
BH_SANAD_L_268_leaf01_mask.png,BH,380286.0,2848.414548635483,1120.96337890625,483.45343017578125,2.3186584455480506,0.541613792219445,0.3853342447563551,0.5889979873920417,0.9123212073029302,0.8738651169524124,119.13583374023438
BH_SANAD_L_269_leaf01_mask.png,BH,1251011.5,5120.984301686287,2021.6063232421875,803.5232543945312,2.5159275878897907,0.6575221471501066,0.3897429302128605,0.5994656146116727,0.9475209661116119,0.992260675825627,170.399658203125
BH_SANAD_L_270_leaf01_mask.png,BH,1535831.0,5279.2311182022095,1896.64111328125,1089.1588134765625,1.741381596341518,0.6550168037121703,0.5436047301129131,0.692487506995126,0.9280031571403389,0.9478890637917451,69.79785919189453
BH_SANAD_L_272_leaf01_mask.png,BH,1296153.0,5396.544826507568,2085.71435546875,899.0335083007812,2.31995174396876,0.4941656449015445,0.3793645342316577,0.5592867822002591,0.916322215576154,0.8728288336214922,124.520263671875
BH_SANAD_L_274_leaf01_mask.png,BH,2065620.0,5819.716399431229,1884.1822509765625,1445.135009765625,1.303810535516777,0.745220206903394,0.7408234682308021,0.7664020377858649,0.9285683535856303,0.9723387920163172,49.9669075012207
BH_SANAD_L_276_leaf01_mask.png,BH,832403.0,4413.614682674408,1808.392333984375,616.6687622070312,2.932518143958218,0.63015051943323,0.3240846344733793,0.5369757451657947,0.9336819848830464,0.9794802913249118,168.78045654296875
BH_SANAD_L_277_leaf01_mask.png,BH,922558.5,4377.690802693367,1766.2191162109375,692.6160278320312,2.5500696565446352,0.670503008895866,0.3765432540021885,0.6049418228187914,0.9458486602744989,0.9870519830462505,171.7108612060547
BH_SANAD_L_281_leaf01_mask.png,BH,417960.5,2978.2795535326004,1077.260986328125,521.9369506835938,2.063967659153485,0.6554885890294088,0.4585677355919018,0.5921260721266466,0.9012238039675837,0.9350399051448833,175.08245849609375
BH_SANAD_L_282_leaf01_mask.png,BH,1076239.5,4509.091947197914,1374.6629638671875,1118.3922119140625,1.2291421106326668,0.6218442361049319,0.7251478804557859,0.665182184141516,0.9028539206465408,0.9619901793363834,39.964813232421875
BH_SANAD_L_286_leaf01_mask.png,BH,286835.0,2929.6937670707703,827.3927001953125,462.2721862792969,1.7898388108849277,0.6274664648285396,0.5334809208995513,0.419949968723041,0.7521839052403863,0.9201775969870106,37.30148696899414
BH_SANAD_L_289_leaf01_mask.png,BH,388250.0,3429.8846728801727,961.2246704101562,540.0996704101562,1.7797171949395825,0.6379604982089454,0.5350221541557174,0.4147269840195333,0.7488298427068126,0.9189457863406667,37.55796432495117
BH_SANAD_L_291_leaf01_mask.png,BH,578339.5,3297.617647051811,1178.8385009765625,684.619873046875,1.7218876450813296,0.6999383980093722,0.5298883249658862,0.6683317942507045,0.9298948049894666,0.9300155983661917,175.768798828125
BH_SANAD_L_292_leaf01_mask.png,BH,1197904.5,4898.856446862221,1889.6837158203125,830.3663940429688,2.275722776568108,0.5901309722271486,0.427124097168755,0.6272528362116594,0.9419249939183371,0.9762904687545844,155.84765625
BH_SANAD_L_294_leaf01_mask.png,BH,2458023.0,9083.90972828865,2374.697998046875,1453.1812744140625,1.6341374884591582,0.5952932554728686,0.5549824997045308,0.374326166668864,0.7301335211884846,0.8694123404110075,155.26785278320312
BH_SANAD_L_295_leaf01_mask.png,BH,2027839.5,5992.062509655952,2089.0986328125,1280.85107421875,1.6310238363087897,0.7295688367420949,0.5915967878768325,0.70972609211295,0.9326699481109111,0.9531596358529197,23.938493728637695
BH_SANAD_L_299_leaf01_mask.png,BH,2546041.5,8333.707506299019,2541.938720703125,1351.1539306640625,1.881309496286495,0.6354142853577579,0.501701550928417,0.4606794450355922,0.786764402282231,0.9204132103532868,24.436086654663086
BH_SANAD_L_300_leaf01_mask.png,BH,299495.5,2528.3830231428146,1003.3617553710938,448.15283203125,2.238882996283573,0.611884632986287,0.3787785119490681,0.5887276513480096,0.9466848916219,0.9304570026096682,7.630213737487793
BH_SANAD_L_301_leaf01_mask.png,BH,698275.0,3355.683662414551,1035.7366943359375,894.791015625,1.1575179860433542,0.6823356394621638,0.8287773747063946,0.7792455493950255,0.9360507202071984,0.9571566918723754,60.286163330078125
BH_SANAD_L_303_leaf01_mask.png,BH,1032457.5,4175.69497859478,1414.6749267578125,966.7662963867188,1.4633060048174504,0.6393598706984636,0.656854212517864,0.7440883635200447,0.9357904037235157,0.954730944357932,49.039161682128906
BH_SANAD_L_305_leaf01_mask.png,BH,590384.0,3676.609630346298,1303.75830078125,660.6656494140625,1.9734010719908621,0.5204560461018073,0.4422323663194565,0.5488446084718415,0.8904813922944563,0.9034779641200569,33.035926818847656
BH_SANAD_L_309_leaf01_mask.png,BH,1052847.0,4460.148734331131,1560.916259765625,883.7190551757812,1.7663037258545273,0.6627481417693981,0.550194409733379,0.6650839155154092,0.9040175264148099,0.953420928593065,105.62297058105469
BH_SANAD_L_314_leaf01_mask.png,BH,106512.0,1705.2590091228485,727.2131958007812,191.5829315185547,3.795814115780722,0.6830231752831181,0.25643963880334397,0.46028592865547574,0.9500571980171806,0.9858935910252138,4.369814395904541
BH_SANAD_L_317_leaf01_mask.png,BH,587400.0,3659.3161313533783,1270.568115234375,698.2481689453125,1.8196511952957046,0.543176723850951,0.46328491105570735,0.5512440894063897,0.8984752279236955,0.8151902388116041,35.18076705932617
BH_SANAD_L_323_leaf01_mask.png,BH,1305887.5,4930.003634572029,1838.96142578125,949.351318359375,1.9370715458206325,0.6613384496101261,0.4916665294407415,0.6751824574146448,0.9452327698238985,0.9712656138261828,8.799241065979004
BH_SANAD_L_324_leaf01_mask.png,BH,1232853.5,4757.778238892555,1785.8228759765625,920.2451782226562,1.9405946569865937,0.6625594385901553,0.49220364702880126,0.6844046400242159,0.9481436889433119,0.984094174555788,9.859703063964844
BH_SANAD_L_326_leaf01_mask.png,BH,131231.0,1448.8224983215332,498.54083251953125,337.895751953125,1.475427937870885,0.7036363831338738,0.6722720995979643,0.7856261657969117,0.9342115699178614,0.9689199316304946,52.16981506347656
BH_SANAD_L_327_leaf01_mask.png,BH,341120.5,2531.46123111248,884.1597290039062,549.7958984375,1.6081599217394238,0.5828150788145526,0.5555926323390092,0.6689214497611004,0.9353788557861316,0.9254678269362507,27.132911682128906
BH_SANAD_L_331_leaf01_mask.png,BH,342556.5,2382.4074083566666,713.7389526367188,662.76025390625,1.0769187627501873,0.6868135503506683,0.8561769524833552,0.758420415269403,0.9344418573733392,0.9524188839769789,59.13421630859375
BH_SANAD_L_337_leaf01_mask.png,BH,70686.5,1233.4427746534348,362.27325439453125,260.0828552246094,1.392914785104422,0.7291026302217638,0.6857630043352354,0.5838594741813964,0.8201720176455868,0.9478705715128597,17.762950897216797
BH_SANAD_L_339_leaf01_mask.png,BH,90436.5,1471.8103057146072,566.5703125,219.1229705810547,2.58562719826958,0.5832204767063922,0.35871227325953947,0.5246261463498851,0.8993490599158925,0.9062272970955313,74.38294219970703
BH_SANAD_L_342_leaf01_mask.png,BH,106520.0,1494.361602306366,558.556396484375,252.9530487060547,2.2081425756344535,0.6257747281475259,0.43471759370457214,0.5994177817549007,0.9205055336352654,0.9301960030913385,83.7422103881836
BH_SANAD_L_345_leaf01_mask.png,BH,262119.0,2080.1504871845245,687.2681884765625,511.00872802734375,1.3449245595660104,0.7014531149646757,0.7065715336784419,0.761235190523566,0.9400340348318894,0.9692656708470383,10.511543273925781
BH_SANAD_L_352_leaf01_mask.png,BH,377505.0,2496.2825179100037,807.7657470703125,625.4097290039062,1.291578479850075,0.7282118055555555,0.7366513014599858,0.7612811942627263,0.9343210724584619,0.9647321593997529,165.75778198242188
BH_SANAD_L_353_leaf01_mask.png,BH,185961.0,1934.719028711319,723.1216430664062,366.7632751464844,1.9716304550328634,0.5501641963255525,0.4528029745879381,0.6243037314108877,0.9296963042462435,0.9286024598145401,134.72607421875
BH_SANAD_L_354_leaf01_mask.png,BH,92773.5,1840.216502547264,788.0958251953125,215.83233642578125,3.6514260941910193,0.28669544740973313,0.19018488839363532,0.34426745039699347,0.9212642331717198,0.6996334924549218,51.23291015625
BH_SANAD_L_357_leaf01_mask.png,BH,167949.5,1656.839743256569,578.9061279296875,385.3494567871094,1.5022886829953692,0.7720005883677851,0.6380761918714544,0.7688251330533679,0.9480491943452529,0.9692404467926097,8.180181503295898
BH_SANAD_L_361_leaf01_mask.png,BH,95224.0,1475.5331752300262,603.7180786132812,224.06884765625,2.694341872724143,0.5163039352830823,0.3326504971453089,0.5496146846899443,0.9313092425026813,0.8823000731976243,117.9046630859375
BH_SANAD_L_362_leaf01_mask.png,BH,120515.5,1464.5554724931717,469.3556823730469,343.59979248046875,1.36599524401554,0.7153104226020893,0.6965444967396887,0.7060592044524782,0.9202962546921404,0.9403335609090022,54.121009826660156
BH_SANAD_L_364_leaf01_mask.png,BH,158086.5,1805.706836104393,677.7975463867188,326.129638671875,2.0783071086300846,0.5303296644313313,0.4381319437322517,0.6092705185936973,0.9238094125269414,0.9049881643085924,132.39425659179688
BH_SANAD_L_367_leaf01_mask.png,BH,230859.0,2016.3271124362946,726.6378784179688,417.21044921875,1.741657908565423,0.6851228632478632,0.5566995399681541,0.713566896758286,0.9368203452720179,0.9585257091609646,16.486648559570312
BH_SANAD_L_371_leaf01_mask.png,BH,63430.5,1186.0701912641525,451.4367980957031,197.69949340820312,2.283449442956295,0.5635561597100058,0.3962911187707402,0.5666138897250379,0.933819611747577,0.9484083670997743,102.9243392944336
BH_SANAD_L_372_leaf01_mask.png,BH,84708.5,1431.727045416832,552.0435180664062,237.99021911621094,2.319605906984113,0.5970601088274268,0.3539080818250851,0.5192976983003803,0.9225350281843301,0.8730539909611391,175.21165466308594
BH_SANAD_L_375_leaf01_mask.png,BH,227205.0,1984.0916121006012,645.2662963867188,501.05291748046875,1.2878206550146902,0.6450509329184505,0.6947843700257847,0.725277669623062,0.9424558274436815,0.980796750318903,81.08080291748047
BH_SANAD_L_381_leaf01_mask.png,BH,25695.5,692.0214208364487,275.9772033691406,119.51123046875,2.309215646819933,0.5501541557829829,0.42955697243048196,0.6742607220075608,0.9513821493666638,0.9839175968294691,129.0742645263672
BH_SANAD_L_402_leaf01_mask.png,BH,189500.5,1818.770763516426,684.8146362304688,359.8793640136719,1.9029005403167616,0.6817055183826175,0.5144870068800291,0.7198869411739262,0.9493164245312565,0.9962489616957743,19.28911018371582
QA_L_002_leaf01_mask.png,QA,78684.5,1112.2712017297745,388.0691833496094,269.0152893066406,1.4425543780422962,0.6987469806763285,0.6652440435760208,0.7992408402714851,0.954367248782278,0.9934786176942211,57.75655746459961
QA_L_004_leaf01_mask.png,QA,44164.0,1005.0579986572266,406.7620849609375,152.0786590576172,2.6746822169626694,0.5026518859119984,0.3398580727724626,0.549409312947273,0.943286939698286,0.9780750321123267,63.846893310546875
QA_L_009_leaf01_mask.png,QA,42904.5,1390.4965974092484,497.41253662109375,146.6758575439453,3.391236601238652,0.4188583645735708,0.22079005619940095,0.27885141219681797,0.8638373188995272,0.666006938785014,169.32339477539062
QA_L_013_leaf01_mask.png,QA,288108.5,2209.530210852623,820.9435424804688,466.8451843261719,1.7584920441353382,0.6705936708625055,0.5443015961413973,0.7415937266111663,0.9466388423648453,0.9967031237297254,24.47974395751953
QA_L_015_leaf01_mask.png,QA,381282.0,2535.478476047516,907.445068359375,546.3006591796875,1.6610726220282686,0.6879366339491917,0.5895433327523033,0.7453089060503917,0.9383931362852788,0.9855163866311868,25.828393936157227
QA_L_016_leaf01_mask.png,QA,449271.0,3255.301850795746,1329.30126953125,441.7363586425781,3.0092638822307736,0.6266901010608248,0.3237215907418726,0.5327650415642832,0.9432965422657762,0.9840489668790185,165.55899047851562
QA_L_017_leaf01_mask.png,QA,124281.0,1527.2144145965576,575.245361328125,282.5130920410156,2.036172402391214,0.6049326830407991,0.4781989378151917,0.6695986572574442,0.94765912982029,0.9910054302322799,153.08277893066406
QA_L_018_leaf01_mask.png,QA,98691.5,1555.0550342798233,482.5398864746094,284.9355163574219,1.693505578536982,0.604212710987578,0.5396639813675577,0.5128591245766261,0.8367414654718188,0.906233069796057,57.759376525878906
QA_L_019_leaf01_mask.png,QA,65123.0,1204.538227558136,479.12249755859375,182.03367614746094,2.632054176450673,0.5257196829035956,0.3612030339584327,0.5640311478699559,0.9461471775457634,0.9773605576941837,25.000499725341797
QA_L_021_leaf01_mask.png,QA,220964.0,2005.606330871582,769.6167602539062,371.1242980957031,2.073743929467648,0.605533449527004,0.47498796723351744,0.6903033857037042,0.9500962140987593,0.9952817759440389,130.65859985351562
QA_L_025_leaf01_mask.png,QA,84393.0,1533.650925397873,655.9807739257812,191.3883819580078,3.4274848202108155,0.5503903269354934,0.2497090729577688,0.45088236295771117,0.9405172562549158,0.8895974869948823,168.95254516601562
QA_L_027_leaf01_mask.png,QA,49343.5,1118.8742331266403,451.3536376953125,160.50897216796875,2.8120150020210826,0.5449610690816721,0.3083941817466605,0.4953101986770052,0.9377871690959224,0.902759863516196,163.5047607421875
QA_L_029_leaf01_mask.png,QA,247447.5,2572.7017837762833,978.0506591796875,360.454833984375,2.7133792280396607,0.6451875743100894,0.32935972306690436,0.46980111068788444,0.8922261711757984,0.8525337683613581,178.8615264892578
QA_L_030_leaf01_mask.png,QA,126035.0,1543.3565499782562,581.6848754882812,283.008544921875,2.0553615285674725,0.597435532802427,0.4742700946306611,0.6649186139487767,0.945538243829108,0.9897790499974477,152.67086791992188
QA_L_031_leaf01_mask.png,QA,98613.5,1539.5403155088425,481.83978271484375,285.0721740722656,1.690237864438841,0.6072970359832739,0.5408056038012622,0.5228343404112351,0.8430221620100051,0.9124500927592285,58.82837677001953
QA_L_032_leaf01_mask.png,QA,38088.5,859.6782749891281,327.6935729980469,151.22259521484375,2.166961706565667,0.6035064646976803,0.4516147739506205,0.6476372650251296,0.9463629671355708,0.9879004020230839,27.097286224365234
QA_L_039_leaf01_mask.png,QA,27862.0,772.8670928478241,304.96160888671875,123.92828369140625,2.460791030125968,0.6394913814868369,0.3814451226657968,0.5861550612544892,0.9397636609034463,0.9386833771309211,167.9425048828125
QA_L_040_leaf01_mask.png,QA,49073.0,1038.538227558136,431.40008544921875,149.79066467285156,2.8800198356246884,0.4562044474193069,0.3357316414088738,0.5717517446513181,0.9504018551848387,0.9894248702051515,43.988853454589844
QA_L_041_leaf01_mask.png,QA,25219.0,723.6122596263885,287.09674072265625,121.9915542602539,2.35341489387184,0.6188863530393384,0.3895663676126922,0.6052375900497238,0.9468949177487878,0.9792075171329282,15.253373146057129
QA_L_042_leaf01_mask.png,QA,40283.5,996.0701912641525,371.0390319824219,145.9235076904297,2.5426954015494534,0.46363092292287683,0.37256162482980854,0.510219642334491,0.9105433657337447,0.8915927979372088,122.68584442138672
QA_L_043_leaf01_mask.png,QA,73877.0,1365.3077795505524,575.068603515625,167.9801483154297,3.423431930990875,0.5156847689515566,0.28443304781742346,0.49803284546475096,0.9393155122204402,0.9417861263202177,69.15917205810547
QA_L_044_leaf01_mask.png,QA,240955.0,2322.032737016678,892.7994384765625,367.8569641113281,2.427028779061978,0.6175593903217291,0.3848914328558934,0.5615767641184928,0.9385231275201033,0.9482497392810059,81.58788299560547
QA_L_045_leaf01_mask.png,QA,66220.5,1775.4570552110672,663.3870239257812,136.41757202148438,4.862914755742057,0.39431985994664637,0.19158814370752883,0.26398665649772163,0.8123723408967527,0.9031771902427048,108.39440155029297
QA_L_047_leaf01_mask.png,QA,61259.5,1332.9331082105637,506.6373596191406,167.42138671875,3.0261209129168014,0.633998799470111,0.30387092164577545,0.4332779631658937,0.8921723112481246,0.8986284289276808,96.53742218017578
QA_L_048_leaf01_mask.png,QA,63090.5,1137.903670668602,432.4129638671875,191.66241455078125,2.2561176894315866,0.6962094460384021,0.4296122697932915,0.612297993874336,0.9260626971153462,0.9772382280049566,175.88595581054688
QA_L_050_leaf01_mask.png,QA,89436.0,1514.7047481536865,553.3114624023438,226.4207000732422,2.443731788760301,0.5364958249352145,0.3719487911793925,0.4898535476746539,0.9128808297277512,0.8887563909550286,16.421659469604492
QA_L_051_leaf01_mask.png,QA,122897.0,2093.2917461395264,963.526123046875,170.44140625,5.65312235005615,0.26115403576771384,0.16854831407823123,0.3524452189397513,0.9653136957630697,0.9678453299732241,132.77093505859375
QA_L_054_leaf01_mask.png,QA,38791.0,855.8376553058624,325.9165954589844,157.77496337890625,2.065705410282845,0.6719616130820399,0.4649734379316596,0.6655153211717922,0.9461480050270877,0.9728394442493855,162.93588256835938
QA_L_056_leaf01_mask.png,QA,51410.0,1086.5971026420593,417.1169128417969,168.5712432861328,2.474425084080223,0.4967725726654298,0.3762202116524847,0.5471676118363451,0.9086331617219209,0.951473201066035,37.82070541381836
QA_L_057_leaf01_mask.png,QA,60287.0,1025.0579986572266,390.1398010253906,198.28753662109375,1.9675457553890843,0.6635152982610609,0.5043050015727156,0.7210023153950497,0.9445921509986923,0.9880685077439973,158.4789581298828
QA_L_059_leaf01_mask.png,QA,63287.5,1095.3838995695114,424.0367736816406,196.40350341796875,2.1590081964029055,0.6414056957535218,0.44814753922531236,0.6628192272018435,0.9383790106736873,0.9824963129705814,73.29766082763672
QA_L_061_leaf01_mask.png,QA,56097.5,1017.9869309663773,399.1404724121094,181.6036834716797,2.197865510114246,0.584732689160595,0.4483344299107349,0.6802506512518903,0.9507029256221633,0.9943103769153735,129.5181884765625
QA_L_064_leaf01_mask.png,QA,86480.5,1309.6681703329086,511.8957824707031,220.60462951660156,2.3204217590192524,0.6707346394279243,0.4202088624916135,0.6335859097758432,0.9491885843989011,0.9745819058781103,178.9180145263672
QA_L_065_leaf01_mask.png,QA,45146.5,1064.8641284704208,475.1666564941406,129.5900421142578,3.666691118714141,0.41441619239948596,0.2545905565614246,0.5003173415543096,0.9553117190732624,0.9690897577624419,56.97767639160156
QA_L_067_leaf01_mask.png,QA,83671.5,1537.6925555467606,646.2190551757812,193.6422119140625,3.337180714825599,0.5274566291794845,0.2551103939555661,0.44468081725580033,0.9379313407548598,0.8689892611594624,168.95094299316406
QA_L_069_leaf01_mask.png,QA,219009.5,2004.5352631807327,764.7781982421875,371.4035949707031,2.059156692606905,0.6020383198636539,0.4767624847816651,0.6849287819714632,0.9493392139407971,0.9957149741761839,130.6327362060547
QA_L_072_leaf01_mask.png,QA,40294.5,839.6193999052048,301.9814758300781,173.7022247314453,1.7385009103767133,0.6382478260180888,0.5625942423956294,0.7182749256258317,0.937307656640367,0.9816075713467887,156.35792541503906
QA_L_076_leaf01_mask.png,QA,27560.5,768.7665876150131,303.1371154785156,122.85077667236328,2.467522987558856,0.6339827935222672,0.38187302668934286,0.5860139534273116,0.9376385563808217,0.9438689018647579,167.4784698486328
QA_L_077_leaf01_mask.png,QA,48844.0,1038.0529463291168,434.3637390136719,147.92388916015625,2.936400208781619,0.4568275346053124,0.3296205012136875,0.5696158635286325,0.954466192669307,0.9914543793768396,44.96678161621094
QA_L_078_leaf01_mask.png,QA,61524.5,1338.0214208364487,505.36181640625,165.94679260253906,3.045324398746576,0.6499318635580955,0.3067279569329126,0.4318489067152734,0.8830183733334168,0.9125894611933103,97.06343078613281
QA_L_079_leaf01_mask.png,QA,64833.0,1122.3473217487335,440.41632080078125,194.10232543945312,2.2689904399839946,0.7092705233677578,0.4255782531593955,0.64677233178648,0.9477581643156604,0.9846380487360372,175.98387145996094
QA_L_080_leaf01_mask.png,QA,121157.5,2075.960792899132,965.7655639648438,167.93994140625,5.750660360352502,0.2597671995334557,0.16539294881988972,0.35328229523832133,0.963086528609119,0.9523238722558028,132.40675354003906
QA_L_085_leaf01_mask.png,QA,86923.0,1290.9402484893799,510.6509094238281,221.10166931152344,2.3095750973473717,0.6904568995647062,0.42442074768743215,0.6554390136171591,0.9519907015597445,0.985041306392575,179.1412353515625
QA_L_086_leaf01_mask.png,QA,45212.5,1062.3788472414017,472.8010559082031,130.31480407714844,3.628145391894979,0.41762114130535183,0.25752047505450293,0.5033957629845253,0.9537583738772052,0.969767491742096,57.401771545410156
QA_L_087_leaf01_mask.png,QA,40686.5,810.1046811342239,292.8979187011719,180.70538330078125,1.6208588441089655,0.6752385694133267,0.6038483434355835,0.7790725676876885,0.9537230191641243,0.9874285575604607,170.19996643066406
QA_L_088_leaf01_mask.png,QA,51666.0,1094.7981131076813,416.8751220703125,169.9469757080078,2.452971700929595,0.5035378048067365,0.3785323503826328,0.5416847675505679,0.9075391183567801,0.9399714366284305,37.67473220825195
QA_L_089_leaf01_mask.png,QA,38802.0,854.8082177639008,326.59197998046875,157.85791015625,2.068898414132072,0.6690461411131802,0.46318362634637394,0.6673084097558241,0.9440566834198093,0.9721279234363452,162.9007568359375
QA_L_090_leaf01_mask.png,QA,63811.5,1090.5554724931717,426.10479736328125,197.0218048095703,2.162729134346978,0.6394450456950457,0.4474826740212897,0.6742381072698503,0.9450821733646022,0.9883908241817816,73.5373764038086
QA_L_093_leaf01_mask.png,QA,60191.5,1020.3300768136978,387.3411865234375,199.28224182128906,1.9436813987208887,0.6716152284037401,0.5108082792654015,0.7265468977844661,0.9461652039732649,0.9895930093958849,158.61114501953125
QA_L_097_leaf01_mask.png,QA,55005.0,1031.224519252777,396.4737243652344,180.48324584960938,2.196734231473223,0.5587213554363725,0.44553668248216005,0.6499883486950205,0.9328624188366863,0.9785712379579964,130.08192443847656
QA_L_098_leaf01_mask.png,QA,44940.5,978.0701912641525,399.9161682128906,146.6763916015625,2.726520361226492,0.5056596343178622,0.3577750849100692,0.5903474856368341,0.9507688795409007,0.9905770587198025,152.03359985351562
QA_L_099_leaf01_mask.png,QA,22692.0,682.180801153183,275.81781005859375,107.1629409790039,2.5738171007515915,0.5651805728518057,0.3797854143605016,0.6127504705371961,0.9515142489535438,0.9877682496844121,23.529052734375
QA_L_102_leaf01_mask.png,QA,375056.5,2854.8926895856857,1110.2470703125,444.8148193359375,2.495975902893667,0.6242825992875928,0.3874070711760053,0.5782651017816395,0.9534467436785856,0.9824315315633894,74.92501831054688
QA_L_103_leaf01_mask.png,QA,318859.0,2621.7484662532806,1070.542724609375,386.2774658203125,2.7714345757548466,0.6858997111063787,0.3542426023510022,0.5829435461640887,0.9548611939774859,0.9864359221453796,10.684910774230957
QA_L_105_leaf01_mask.png,QA,25501.5,712.3990565538406,280.71148681640625,118.98231506347656,2.3592706753658965,0.6931262230919765,0.4120552729756173,0.6314353900688658,0.9491115631879704,0.9789255484539644,172.58770751953125
QA_L_106_leaf01_mask.png,QA,27204.0,706.4406867027283,270.6534423828125,129.1374969482422,2.0958547964677474,0.6609811210729645,0.4728417048036747,0.6850010262728805,0.9430945448307386,0.988822855896625,159.85690307617188
OM_L_001_leaf01_mask.png,OM,30030.5,1088.3889518976212,468.0923767089844,108.94866943359375,4.296448769338073,0.5105578129515973,0.17450567105000309,0.3185694882354688,0.9082378539441346,0.7450627698109462,95.49039459228516
OM_L_003_leaf01_mask.png,OM,24473.5,707.3940042257309,281.3652648925781,114.84483337402344,2.4499601473253536,0.5123730765204648,0.3936091973536548,0.6145867572693979,0.9446037794697397,0.9706698925157656,134.4202880859375
OM_L_004_leaf01_mask.png,OM,33302.5,832.0214208364487,328.01861572265625,141.5489044189453,2.317351851426646,0.5468390804597701,0.3940850616176077,0.6045297607193244,0.9423326820275579,0.9528339675545764,151.29551696777344
OM_L_005_leaf01_mask.png,OM,21201.0,637.7300097942352,258.1551818847656,105.95303344726562,2.436505812863331,0.7476988185505202,0.4050463945761693,0.6550772266946899,0.9519612215075077,0.9881152125279642,89.77120971679688
OM_L_008_leaf01_mask.png,OM,27352.5,853.6193999052048,305.7171325683594,130.1227569580078,2.3494517001896753,0.44924858339492485,0.37262122588378166,0.4717135347908808,0.8914441663497401,0.9181310105231358,60.5008430480957
OM_L_009_leaf01_mask.png,OM,65232.0,1129.3422694206238,436.5967102050781,198.16929626464844,2.2031501268592986,0.6096220702029831,0.43572240778939525,0.6427164141685596,0.9521908592062696,0.9907128266267741,112.66831970214844
OM_L_010_leaf01_mask.png,OM,63098.5,1115.2417641878128,429.2829284667969,193.0339813232422,2.223872323018337,0.5507130638179025,0.43595525580378164,0.6375156488142473,0.9504421838700899,0.9918574583637892,128.8681182861328
OM_L_013_leaf01_mask.png,OM,174772.5,1719.0895241498947,628.0479125976562,358.77752685546875,1.7505218849748674,0.6902247532690128,0.5641539901535377,0.743166244001991,0.9493565249671078,0.9934686777909465,30.9530086517334
OM_L_018_leaf01_mask.png,OM,124911.5,1491.678274989128,610.3176879882812,266.5566711425781,2.2896357662788684,0.8320444160238732,0.4269732123122096,0.7054430486526785,0.9703846940143996,0.9940869606739114,173.8934326171875
OM_L_020_leaf01_mask.png,OM,26439.5,746.9675980806351,272.1672058105469,135.56675720214844,2.007624962251687,0.5307537890193716,0.4544559221523364,0.5954695730761856,0.9176461735967822,0.8859383115251227,133.6613006591797
OM_L_020_leaf02_mask.png,OM,19326.0,589.2447285652161,233.52426147460938,106.93650817871094,2.183765539495142,0.6809725158562367,0.45121972786186987,0.6994560440087686,0.9547375682850373,0.9888962799979533,159.91815185546875
OM_L_021_leaf01_mask.png,OM,7848.0,538.8771975040436,221.89926147460938,47.148006439208984,4.706439958616674,0.5800443458980045,0.20293520725531614,0.3396168618119909,0.9439942770748666,0.9166617999182386,177.437744140625
OM_L_021_leaf02_mask.png,OM,21442.5,659.369619011879,245.70834350585938,125.00971221923828,1.9655140320213158,0.6467545394220908,0.45221579705384773,0.619765528724292,0.9274880719088293,0.9407493528714956,166.9618377685547
OM_L_024_leaf01_mask.png,OM,87234.5,1132.1534515619278,371.1739807128906,302.3385925292969,1.2276764855182143,0.7182868388116724,0.8062010243879565,0.8552391050063924,0.9511903603342956,0.9877318326954868,8.0313720703125
OM_L_025_leaf01_mask.png,OM,178215.0,1749.4154250621796,638.3602905273438,361.02178955078125,1.7682043272835535,0.6839166474787014,0.5568300265284005,0.7317592415907054,0.9500719610882231,0.9908154358498223,31.58710289001465
OM_L_027_leaf01_mask.png,OM,145625.0,1497.3565499782562,487.5003662109375,385.6716613769531,1.2640295231192982,0.6850491118470571,0.7801824279117362,0.8161976668835295,0.9417828518184163,0.982505498657383,67.90984344482422
OM_L_031_leaf01_mask.png,OM,485333.5,4095.558771967888,1682.3189697265625,438.2045593261719,3.839117904919721,0.5494890998533816,0.21834020009161606,0.363599944611529,0.9154862399489379,0.8669611118057913,6.370774745941162
OM_L_035_leaf01_mask.png,OM,399467.0,2801.502861261368,1047.29345703125,517.5108642578125,2.02371298723018,0.6297284771135087,0.4637183117753474,0.639600259575777,0.9473985399979574,0.9824158852187685,102.33876037597656
OM_L_037_leaf01_mask.png,OM,14663.0,511.3868639469147,188.7421112060547,104.28829193115234,1.8098111275104203,0.6245421245421245,0.5240772843105836,0.7045852746318055,0.94368864841744,0.9390029137715731,28.53972053527832
OM_L_037_leaf02_mask.png,OM,23646.0,630.2985513210297,235.2587890625,128.96253967285156,1.824241284789348,0.6644374508261212,0.5439714283705801,0.7479540728330071,0.9543881811050375,0.9917584145957848,147.06027221679688
OM_L_039_leaf01_mask.png,OM,1925497.0,6456.798783302307,2524.6865234375,1043.4296875,2.4196038829281443,0.5245288086762185,0.38462547119365453,0.5803877072543485,0.9521232017114842,0.9538512143354823,148.3715057373047
OM_L_040_leaf01_mask.png,OM,810159.0,3946.5852451324463,1505.9686279296875,701.2308959960938,2.1476073523407284,0.6151773185355275,0.4548294003809968,0.6536377843260125,0.944716496794717,0.9927208630810336,156.1209259033203
OM_L_042_leaf01_mask.png,OM,526160.0,3185.3161313533783,1189.73095703125,581.8841552734375,2.044618239299152,0.6533113807994795,0.47329337256094406,0.6516623209704073,0.9451939118104933,0.9861438320091912,94.35414123535156
OM_L_043_leaf01_mask.png,OM,38796.5,969.4183894395828,395.26275634765625,128.23141479492188,3.0824174948065,0.5170591606359868,0.31617743849557806,0.5187760333244301,0.9431593077423673,0.9860341584913332,22.849393844604492
OM_L_045_leaf01_mask.png,OM,64572.0,1371.3666546344757,523.2880859375,174.0508575439453,3.006524031663431,0.604075065017681,0.30024284232987886,0.4314663508998858,0.8902993593203727,0.9027639912200986,100.69587707519531
OM_L_046_leaf01_mask.png,OM,90934.0,1331.7098004817963,528.1635131835938,222.1931610107422,2.3770466686778855,0.6427339553293752,0.4150492393545694,0.6443427814753904,0.9450647864402743,0.9909982563208369,161.75845336914062
OM_L_047_leaf01_mask.png,OM,25457.5,659.1097334623337,246.20111083984375,135.40196228027344,1.8182979529515468,0.6252456036938796,0.534743919378328,0.736393872531536,0.9430217290910735,0.9852545619908276,57.90816116333008
SA_L_001_leaf01_mask.png,SA,77152.0,1461.425529718399,622.1402587890625,164.46124267578125,3.7828989290537542,0.5068853148323347,0.25379361762571767,0.45394545597933467,0.9464255555408846,0.9758726022805608,163.02462768554688
SA_L_002_leaf01_mask.png,SA,53114.0,1091.626540184021,443.0326843261719,158.9496307373047,2.7872520513015218,0.4876109688139763,0.34454630256117535,0.5601066144921193,0.943865973529449,0.9809041885203517,59.18840026855469
SA_L_003_leaf01_mask.png,SA,71062.5,1341.6193999052048,569.00146484375,161.21270751953125,3.5295075282748063,0.684774753071549,0.2794626878624216,0.49612565686090276,0.9514275801334784,0.9927911314151596,6.105283260345459
SA_L_004_leaf01_mask.png,SA,36262.0,920.6904675960541,373.4281311035156,128.68357849121094,2.901909750116412,0.525536231884058,0.33109133115775935,0.537569133566012,0.954388524720556,0.9893998717616403,66.46482849121094
SA_L_005_leaf01_mask.png,SA,26681.5,745.3940042257309,304.3219909667969,112.35356903076172,2.7086099141494597,0.5372618903789618,0.36682057469892443,0.6034597594349345,0.9480923496500487,0.9915455795458769,150.55332946777344
SA_L_006_leaf01_mask.png,SA,20749.0,651.8721451759338,265.8023986816406,110.75458526611328,2.3999222970587577,0.6563854354496852,0.3739293009796457,0.6135955299048131,0.9451355112328576,0.9751615556338855,95.94615936279297
SA_L_008_leaf01_mask.png,SA,78324.5,1138.1879414319992,433.5592041015625,230.7491455078125,1.8789200850448369,0.7137474142723056,0.5305311995725416,0.7597654404873292,0.9494675335878829,0.995051706176792,159.25779724121094
SA_L_009_leaf01_mask.png,SA,82712.0,1297.7098004817963,492.8408508300781,221.06582641601562,2.2293850606408028,0.553257525083612,0.4335760091940997,0.617196162825318,0.9424677496896697,0.9779490878134718,121.04842376708984
SA_L_010_leaf01_mask.png,SA,44420.0,1082.0630509853363,418.0022888183594,145.03564453125,2.882065923651581,0.5631338742393509,0.3236915432748867,0.47674185634172794,0.9347733839833448,0.9268358841142166,9.925519943237305
SA_L_012_leaf01_mask.png,SA,52705.5,1321.4427746534348,436.58282470703125,158.25082397460938,2.7588028532292443,0.6080959468346544,0.352073034501192,0.3792879805934302,0.8229963235478173,0.9305924624579556,96.23274230957031
SA_L_013_leaf01_mask.png,SA,35960.5,878.7320977449417,350.27447509765625,133.97999572753906,2.6143789092960743,0.4989524364524365,0.37318042792027895,0.5852246424816555,0.9500091700095514,0.9913437814442653,35.86085891723633
SA_L_014_leaf01_mask.png,SA,42721.0,927.2346239089966,361.05987548828125,153.8531951904297,2.3467817814338163,0.6410521893100447,0.41724685561358277,0.6244130821763788,0.9490534972831217,0.98890059142834,13.85623836517334
SA_L_018_leaf01_mask.png,SA,29271.0,874.6904675960541,362.3813781738281,135.2873077392578,2.6786058812867624,0.4303546224417784,0.2838023149846837,0.4807714132503646,0.9354430979366541,0.8323664903600069,66.0628662109375
SA_L_019_leaf01_mask.png,SA,77657.5,1227.1585038900375,493.78460693359375,209.37338256835938,2.3583924607626545,0.7052591906422552,0.4055257437242269,0.6480252776624184,0.9463361879484603,0.9681350396130327,178.55386352539062
SA_L_020_leaf01_mask.png,SA,55109.0,967.1757488250732,366.8776550292969,192.583740234375,1.9050292334275243,0.6508142706992454,0.5213028821700939,0.7403236062430242,0.951341120780282,0.988112314423008,43.40043258666992
SA_L_022_leaf01_mask.png,SA,21858.0,622.0142805576324,224.8677520751953,126.701904296875,1.7747779981925773,0.6684403669724771,0.550384485641404,0.7099366133265376,0.9411717542633884,0.9770685262169774,154.8353271484375
SA_L_022_leaf02_mask.png,SA,24068.0,675.4112491607666,237.78692626953125,139.55499267578125,1.7038940829724785,0.5792260300346553,0.5419686621101832,0.662999632282717,0.9442080299209161,0.9365527170846547,35.66263961791992
SA_L_023_leaf01_mask.png,SA,20191.0,667.2102386951447,267.8006896972656,104.43061065673828,2.5643888129460635,0.5059259816081586,0.35846318982556563,0.5699572580364285,0.9469305971625931,0.9737172067901234,152.082763671875
SA_L_024_leaf01_mask.png,SA,61096.0,1189.4844048023224,448.57513427734375,194.62664794921875,2.3047981301840244,0.47567735907816877,0.3865916812945741,0.5426316694554063,0.9338801508512147,0.9271227721420062,139.06532287597656
SA_L_026_leaf01_mask.png,SA,28133.5,746.9675980806351,281.665771484375,137.21173095703125,2.0527819999048074,0.5823294419605896,0.45150829703010453,0.6336217868771673,0.9538089123019614,0.9752491550394315,123.85029602050781
SA_L_028_leaf01_mask.png,SA,24765.0,751.8132700920105,302.6084289550781,106.28453826904297,2.847153818263494,0.644921875,0.3443391549156123,0.5505898768329747,0.9500552376731457,0.9857893479818486,78.14458465576172
SA_L_029_leaf01_mask.png,SA,59238.5,1149.903670668602,467.7342834472656,167.78851318359375,2.7876418627982718,0.5838318632040606,0.344759120959316,0.5629774459499931,0.9546663122853302,0.980282972033758,160.94483947753906
SA_L_030_leaf01_mask.png,SA,78958.5,1321.148399233818,525.236328125,197.70535278320312,2.656662152698294,0.4958178701279129,0.36441772688930635,0.5684673782386362,0.9443231701061721,0.9940952440905229,121.6943130493164
SA_L_031_leaf01_mask.png,SA,40601.5,1157.8346909284592,513.7100219726562,110.88013458251953,4.633021270283015,0.31709764840949384,0.1958917384208798,0.3805912743958611,0.9445740078249242,0.9500204738227552,145.56210327148438
SA_L_032_leaf01_mask.png,SA,759953.0,3828.501984834671,1485.708251953125,669.8162231445312,2.2180834094735604,0.6119138951694462,0.4383588524369931,0.6515366411636845,0.9500968420736743,0.9911430673079933,24.70709228515625
SA_L_033_leaf01_mask.png,SA,47128.0,1120.6315925121307,468.5224304199219,145.7189178466797,3.2152478027107274,0.5204925727538793,0.27335583795849805,0.47158843935258987,0.9415636986664228,0.9199746230052218,161.3966827392578
SA_L_034_leaf01_mask.png,SA,37239.5,1012.4722121953964,403.37310791015625,131.82261657714844,3.059968906580491,0.4367142790130406,0.291407065353002,0.4565070406887104,0.9221680585009497,0.9098672074471335,62.617347717285156
SA_L_035_leaf01_mask.png,SA,27571.0,1041.5920503139496,458.41619873046875,92.22300720214844,4.970735748462879,0.2508552607635477,0.16704855593878445,0.3193501092614875,0.9504504577927221,0.9119505176462805,127.5135498046875
SA_L_038_leaf01_mask.png,SA,21112.5,923.9869309663773,422.67095947265625,69.87744903564453,6.048746273737777,0.2835872018052869,0.1504682818050426,0.31075481714241815,0.9408368193330884,0.974880520859788,61.92563247680664
SA_L_039_leaf01_mask.png,SA,42697.5,1074.3199721574783,463.4176330566406,122.77345275878906,3.774575224882772,0.3590287996636536,0.2531438940495382,0.46488444193330997,0.9510313752769713,0.9821048636588423,40.88351058959961
SA_L_040_leaf01_mask.png,SA,30935.0,1099.3321647644043,489.6995849609375,94.458740234375,5.184269700674329,0.24485902895407557,0.16424825608684784,0.32166374540077564,0.9391071005638768,0.8499443627821357,138.6747589111328
SA_L_043_leaf01_mask.png,SA,32425.5,957.8792854547501,401.2043151855469,108.0415267944336,3.7134269302663845,0.5585018429846016,0.25648714850606413,0.44409407864159794,0.9393944261416961,0.9572809801461363,77.81876373291016
SA_L_044_leaf01_mask.png,SA,41278.5,860.5655771493912,334.3766784667969,161.35316467285156,2.0723279840513555,0.7338139088387968,0.4700694932888881,0.7004317610203106,0.952028820224305,0.9722997562095891,177.41415405273438
SA_L_045_leaf01_mask.png,SA,38608.0,796.6416971683502,280.0896301269531,178.53358459472656,1.5688344059340993,0.7616792929292929,0.6266042887879886,0.7644711497268816,0.9483328115229547,0.972554946785062,72.49176025390625
SA_L_046_leaf01_mask.png,SA,20489.5,583.2274836301804,172.2928466796875,156.90316772460938,1.0980839276749945,0.71496615255775,0.8788342743108459,0.7569466341391601,0.9182435767751828,0.9556892651414445,0.3075120747089386
SA_L_046_leaf02_mask.png,SA,50037.0,1044.7737278938293,404.81201171875,163.25091552734375,2.479692137781279,0.5345148057941289,0.38877166175423944,0.5760453046175213,0.9165567127288111,0.944780642542224,125.86614990234375
SA_L_047_leaf01_mask.png,SA,28427.5,838.991983294487,345.08367919921875,116.3266372680664,2.966506101298176,0.4370771832718327,0.30394846004341647,0.5074963347647524,0.9386999656295874,0.9019449203629671,120.43529510498047
SA_L_048_leaf01_mask.png,SA,837730.0,4570.605454444885,1993.5914306640625,544.82958984375,3.659110055376762,0.7398742338332185,0.2683748844849061,0.5039256505538376,0.9483888273953026,0.9803303186456783,178.07763671875
SA_L_049_leaf01_mask.png,SA,96775.5,1572.4722121953964,670.1536865234375,186.66712951660156,3.590100133102632,0.6929165711994502,0.27436374388022183,0.49182355954903606,0.9438833578709087,0.9844913530010173,5.062051773071289
SA_L_053_leaf01_mask.png,SA,31083.5,827.5361396074295,314.94158935546875,137.52232360839844,2.2901124784095446,0.6830937939521801,0.3990065301230486,0.5703820375465551,0.901872810832942,0.9052216203622808,2.131535530090332
SA_L_053_leaf02_mask.png,SA,31721.0,832.6660823822021,322.6896057128906,130.25006103515625,2.477462222653334,0.5611853162317558,0.3878707552174513,0.5749300184951992,0.9449311090273046,0.9646039227611373,65.83078002929688
SA_L_054_leaf01_mask.png,SA,49487.5,1198.1879414319992,497.68865966796875,160.99290466308594,3.091370148948457,0.4790426407240695,0.25438420579809895,0.43316712606574076,0.9305923012826741,0.8671368494830909,74.77007293701172
SA_L_055_leaf01_mask.png,SA,39042.5,989.3107439279556,401.5491027832031,145.50694274902344,2.759655966903326,0.6095057449731485,0.30829779449939054,0.5012819095327554,0.939881191003007,0.9238095238095239,173.73350524902344
SA_L_059_leaf01_mask.png,SA,54886.5,1115.9524410963058,454.2285461425781,155.59033203125,2.919387986467869,0.45486301029287457,0.3387090556371488,0.5538396301153076,0.9392158207467524,0.9803699172107063,140.15225219726562
SA_L_059_leaf02_mask.png,SA,83639.5,1790.9271794557571,786.4000244140625,139.2477264404297,5.647489151289556,0.27154447525112496,0.1722005403689477,0.32769169671464726,0.9397631646364804,0.9866289974402227,149.03939819335938
SA_L_060_leaf01_mask.png,SA,77375.0,1136.1463112831116,428.4366149902344,230.7977752685547,1.8563290503632823,0.7193191220355686,0.5367074477755104,0.7532549606687351,0.9473002897060284,0.9942114088569942,159.4380340576172
SA_L_068_leaf01_mask.png,SA,64858.0,1211.8519358634949,497.86712646484375,186.47052001953125,2.6699508662961646,0.48588594887776815,0.3331553320392725,0.5549761176817857,0.9400556562568454,0.9624348006736955,60.098304748535156
SA_L_070_leaf01_mask.png,SA,47082.0,1134.9747383594513,520.7259521484375,121.21063995361328,4.29604160449707,0.47571030190356867,0.22107853402799774,0.45929569662885034,0.9335875886700663,0.9650027157482655,19.318632125854492
SA_L_072_leaf01_mask.png,SA,38641.5,972.281306385994,396.3002014160156,145.26023864746094,2.7282083872780607,0.6090934884380763,0.31326762113705753,0.5136649930637474,0.9426966417091485,0.9290385401389657,173.34352111816406
SA_L_073_leaf01_mask.png,SA,49191.0,1174.915863275528,496.82763671875,158.8822479248047,3.1270179218126817,0.47623242845525304,0.25373727875001384,0.4477978255430067,0.9362249630275336,0.8837129922391492,74.84622192382812
SA_L_074_leaf01_mask.png,SA,31431.5,828.1635562181473,313.65863037109375,137.99537658691406,2.2729647770013597,0.6654563546672877,0.4067810775882238,0.5758942480024455,0.9027728021707032,0.9097921732082899,2.006697177886963
SA_L_075_leaf01_mask.png,SA,33070.0,949.8376553058624,372.22705078125,131.42677307128906,2.83220109634241,0.5645271423694094,0.3038984261096048,0.4606226541830483,0.9338123570772517,0.9142809748275529,93.0931396484375
SA_L_078_leaf01_mask.png,SA,66237.0,1222.538227558136,501.1220397949219,189.82528686523438,2.6399119320214237,0.49022684379972614,0.33583330634112657,0.5569107771448566,0.9390793531988622,0.9534001684071134,60.09670639038086
SA_L_079_leaf01_mask.png,SA,15580.5,495.9726504087448,170.55775451660156,119.12993621826172,1.431695171934931,0.6880022962112514,0.6819437759726092,0.7959316915194327,0.9434598403769824,0.9846430941321452,27.767431259155273
SA_L_079_leaf02_mask.png,SA,14000.0,513.3868639469147,195.4860382080078,96.94380950927734,2.016488099627446,0.6159531875577456,0.46645168263945813,0.6674955817231885,0.9453039804298534,0.9609444711373464,20.782304763793945
SA_L_080_leaf01_mask.png,SA,35527.0,911.068103313446,369.1385803222656,123.90303802490234,2.979253666468414,0.6679263019364542,0.331963075408826,0.5378568644040064,0.94345570478213,0.9892793495210515,174.58924865722656
SA_L_082_leaf01_mask.png,SA,36585.5,939.7960251569748,375.6627197265625,125.5872573852539,2.9912486947156767,0.6497850951974993,0.3300828166888341,0.5205370554628365,0.9407046312689658,0.9877428151027957,174.82159423828125
UAE_L_001_leaf01_mask.png,UAE,332442.5,2377.8977419137955,897.3654174804688,488.6780700683594,1.8363120271694198,0.6970394288529883,0.5256395087208303,0.7388224009059159,0.9556116156216483,0.9941373133614232,106.38859558105469
UAE_L_002_leaf01_mask.png,UAE,299606.5,2621.5444914102554,963.5492553710938,454.6766052246094,2.119196906766519,0.5130775422132411,0.4108785880061345,0.547831032595284,0.9122724424292864,0.9344860282398296,32.827152252197266
UAE_L_004_leaf01_mask.png,UAE,42723.0,1037.9453008174896,330.5753173828125,176.2167205810547,1.875958855055172,0.5470294494238156,0.4977726292868987,0.49833646956561517,0.8408925269766354,0.8850563997389764,134.07766723632812
UAE_L_006_leaf01_mask.png,UAE,545808.5,2998.7404495477676,1113.79931640625,645.5437622070312,1.7253660891994573,0.6869092835766046,0.5601915058746546,0.7627327653126363,0.9532638975454759,0.9956484383265778,122.54396057128906
UAE_L_007_leaf01_mask.png,UAE,230885.0,2198.542403459549,850.2511596679688,381.0888977050781,2.231109761497098,0.5307091138949546,0.40664119371700813,0.6002551436390423,0.9393086198238981,0.952977474177338,124.48046875
UAE_L_008_leaf01_mask.png,UAE,78692.5,1173.2762540578842,452.7121276855469,230.4169464111328,1.9647518758354383,0.7299860853432282,0.4888765472547878,0.7183608317183838,0.9527469336469945,0.9921640567869481,165.09652709960938
UAE_L_011_leaf01_mask.png,UAE,85801.5,1463.6437851190567,600.2369384765625,190.88626098632812,3.1444742820938454,0.6363727388024831,0.30322120014371023,0.5033081447336024,0.9390835437678623,0.9911113421353571,82.48527526855469
UAE_L_012_leaf01_mask.png,UAE,70158.0,1178.3717069625854,438.8301086425781,205.46249389648438,2.1358161303331036,0.6797794723226138,0.4638680750526436,0.6349250344956647,0.9197910083956911,0.9742475264710988,170.4944610595703
UAE_L_013_leaf01_mask.png,UAE,96680.5,1601.8346909284592,679.0511474609375,200.19186401367188,3.392001721980882,0.505608840264413,0.2669586709723382,0.47349278087913804,0.9415453455250755,0.9842157770968432,110.44728088378906
UAE_L_017_leaf01_mask.png,UAE,58140.0,1156.915863275528,468.09197998046875,167.99462890625,2.786350867453561,0.6006198347107438,0.33784908385836265,0.545860086142265,0.9487590519488914,0.9752251874465337,166.77085876464844
UAE_L_018_leaf01_mask.png,UAE,29295.0,899.4945094585419,369.8484802246094,104.99064636230469,3.522680286664069,0.5133439641123592,0.2726816693575051,0.4549946948314399,0.9437541825735736,0.9832516614083372,71.6571273803711
UAE_L_019_leaf01_mask.png,UAE,34138.0,929.9696860313416,393.03564453125,118.16096496582031,3.326273144815134,0.3923502166442552,0.28137422755116964,0.4960327527793137,0.9466304413154796,0.9498212372883714,49.285369873046875
UAE_L_023_leaf01_mask.png,UAE,54780.5,1116.589962363243,447.4625244140625,164.54067993164062,2.7194644181606846,0.6539861993219044,0.34835558172873704,0.5521389907417698,0.952567769779566,0.9763141713970005,175.2727813720703
UAE_L_025_leaf01_mask.png,UAE,64904.5,1120.589962363243,445.2177734375,190.71676635742188,2.33444485212757,0.7142566303510509,0.41690772320857944,0.6495180382576652,0.9581589705929604,0.9846099000288232,6.738009452819824
UAE_L_026_leaf01_mask.png,UAE,116564.5,1597.17278444767,601.2410888671875,256.78753662109375,2.3413951345869126,0.6795812830857489,0.41056234803093605,0.5742121353316105,0.8997089353720833,0.9447064925802556,86.24266052246094
UAE_L_027_leaf01_mask.png,UAE,96215.5,1555.0306490659714,558.1608276367188,246.0426025390625,2.2685535833092296,0.5337121968537132,0.3932207723084607,0.5000080525681246,0.8768278990463944,0.8802600099722333,119.46941375732422
UAE_L_028_leaf01_mask.png,UAE,31234.5,788.7665876150131,309.11151123046875,129.4594268798828,2.3877095602877474,0.610907917383821,0.4162117342076682,0.6308809464190541,0.943200334241098,0.9893101482326112,112.04315948486328
UAE_L_031_leaf01_mask.png,UAE,230154.5,1935.4225653409958,692.4979858398438,431.7051696777344,1.6040993587285273,0.6932364457831325,0.6110722474175492,0.7721074344858844,0.9437472783312529,0.9935248397937446,29.947853088378906
UAE_L_032_leaf01_mask.png,UAE,67269.0,1082.7981131076813,410.5918273925781,210.41555786132812,1.9513377792300595,0.6669674195403439,0.5080476991030358,0.7209910191646963,0.9463094533837929,0.9845012293642431,16.206138610839844
UAE_L_033_leaf01_mask.png,UAE,28712.5,720.3401814699173,274.6960144042969,136.1295166015625,2.017901930911168,0.6730543834974215,0.4844806212274765,0.6953534125344933,0.9475296495628116,0.9875492269858467,69.12323760986328
UAE_L_034_leaf01_mask.png,UAE,47334.0,898.9747383594513,343.87945556640625,176.4404754638672,1.9489828207634166,0.6728358208955224,0.5096486335117013,0.736017421925935,0.9509105273229056,0.9864127037052474,15.880410194396973
UAE_L_037_leaf01_mask.png,UAE,54665.0,1055.7686755657196,426.6222229003906,164.36865234375,2.595520598466552,0.522011077158136,0.3824128899493331,0.6162851053006699,0.9527389707941716,0.9854432376402722,34.54277420043945
UAE_L_038_leaf01_mask.png,UAE,65253.5,1068.0458060503006,385.7714538574219,227.14686584472656,1.698334918348062,0.6372474340569733,0.558282164951156,0.718842783037213,0.9438911918345271,0.9825928519263057,38.865135192871094
UAE_L_041_leaf01_mask.png,UAE,63917.5,1419.2560447454453,550.6690063476562,155.15528869628906,3.549147508761826,0.371155900866374,0.2683790626650501,0.3987568337682105,0.8913437897776811,0.9066504961098463,34.24589538574219
UAE_L_042_leaf01_mask.png,UAE,59875.5,1200.2712017297745,450.4217834472656,206.9027099609375,2.1769738227802993,0.506355287193018,0.37576861150012425,0.5222762111096907,0.9012535396904684,0.8980539202819753,52.13085174560547
UAE_L_044_leaf01_mask.png,UAE,71892.0,1285.4986853599548,538.8868408203125,189.61337280273438,2.842029720029015,0.43813075910487054,0.3152067630175929,0.5466975856950721,0.9497766006170337,0.9437432312690756,131.78472900390625
UAE_L_045_leaf01_mask.png,UAE,27542.5,684.9675980806351,249.6933135986328,143.4961700439453,1.7400695330207414,0.7042496612033036,0.5624703722242043,0.7376887598485725,0.9386862299717447,0.9806487217830948,3.0873663425445557
UAE_L_047_leaf01_mask.png,UAE,71121.0,1165.3077795505524,454.86785888671875,201.76251220703125,2.2544716256306954,0.5580743879472693,0.437660620766163,0.6581523356364534,0.9428925386766669,0.9830742755250845,121.58501434326172
UAE_L_049_leaf01_mask.png,UAE,109566.0,1655.8174459934235,717.0234985351562,216.43736267089844,3.3128452947628033,0.5242442511411592,0.2713433284504759,0.5021815614298498,0.9424834850116899,0.9633996755430697,108.0482177734375
UAE_L_054_leaf01_mask.png,UAE,84456.0,1432.4204773902893,468.1410827636719,266.0871276855469,1.7593526106866237,0.634054054054054,0.4906673008693906,0.5172486082013624,0.859413263879956,0.8574343771732564,172.5065460205078
UAE_L_066_leaf01_mask.png,UAE,30412.0,1262.9991235733032,498.23895263671875,106.82291412353516,4.664158029433004,0.26738174784596447,0.1559838892013727,0.23957899979036382,0.9174714557773562,0.782402881399537,111.0991439819336
UAE_L_067_leaf01_mask.png,UAE,13960.5,529.5706294775009,203.3106231689453,89.53645324707031,2.2707022201105307,0.5681929181929182,0.43002227113756586,0.6255514795416361,0.9390761920526647,0.9740110235121747,151.04307556152344
UAE_L_068_leaf01_mask.png,UAE,29621.0,809.4600195884705,339.8761291503906,116.76749420166016,2.910708425098313,0.4745586209106348,0.3264889655842136,0.5680921312196707,0.9530682138217904,0.9876794318200763,146.98838806152344
UAE_L_069_leaf01_mask.png,UAE,281042.5,2228.6530133485794,867.0069580078125,420.3863220214844,2.062405251052633,0.7400802115097986,0.4760328823531186,0.71104477624171,0.9483910720455904,0.9895531663553508,0.8645970821380615
UAE_L_072_leaf01_mask.png,UAE,54926.5,1103.70266020298,399.7164001464844,192.81178283691406,2.073091147570459,0.5796135663332067,0.43771165386233213,0.5666144050435679,0.9303132547903629,0.9303662926106289,169.18429565429688
UAE_L_073_leaf01_mask.png,UAE,63551.0,1253.7686755657196,425.93670654296875,207.70016479492188,2.050728784753389,0.5869189778258018,0.4460077142104236,0.5080394328190571,0.8732535725789258,0.9147385011766908,100.49274444580078
UAE_L_074_leaf01_mask.png,UAE,52333.0,1023.4600195884705,396.5914611816406,180.26112365722656,2.2000942473640324,0.6930054557974469,0.4236420211435112,0.6278324103651142,0.9395206583074299,0.9557665966578395,82.4285888671875
UAE_L_075_leaf01_mask.png,UAE,31710.0,957.6021549701691,356.9597473144531,164.00355529785156,2.1765366407220155,0.4243446143964029,0.3168603296087527,0.43454612007019144,0.9209795584092472,0.7852994712663605,108.15619659423828
UAE_L_077_leaf01_mask.png,UAE,31065.0,936.2884466648102,337.2520446777344,139.9810333251953,2.40926957507344,0.5256700961147963,0.34775412789252413,0.44530943114773613,0.8622182777993483,0.8404918764627102,163.060546875
UAE_L_079_leaf01_mask.png,UAE,52993.0,959.4600195884705,341.2477722167969,209.0311279296875,1.6325213167848547,0.642168149099634,0.5794139874099662,0.7233935050127599,0.9481960003887396,0.9780283665691585,24.241621017456055
UAE_L_080_leaf01_mask.png,UAE,66710.5,1062.413337111473,388.23504638671875,232.21990966796875,1.6718422074223636,0.6350840616134499,0.5635271443641677,0.7427061698417442,0.9476910256071076,0.9857699099352036,27.456743240356445
UAE_L_081_leaf01_mask.png,UAE,44657.0,867.2590091228485,320.33355712890625,180.92723083496094,1.770510473468251,0.618346718360565,0.5541084719442215,0.7461081232195059,0.9427736086372961,0.9817422368782632,120.39028930664062
UAE_L_084_leaf01_mask.png,UAE,33020.0,753.269113779068,273.0615234375,160.3244171142578,1.7031811395446912,0.6849485562562231,0.5638533562168498,0.7312849102274112,0.9524666291165693,0.9874254272513868,27.907451629638672
UAE_L_087_leaf01_mask.png,UAE,70154.5,1236.6732226610184,486.4478759765625,188.77183532714844,2.576909183160352,0.6615228665723715,0.37747920304767685,0.5764418233882559,0.9467200951271515,0.9881054662741728,174.72169494628906
UAE_L_091_leaf01_mask.png,UAE,35996.5,851.6782749891281,321.3107604980469,150.03244018554688,2.141608575456602,0.6256017657588766,0.4439354782509574,0.6236185157417383,0.9448544087403913,0.9725892302288509,0.7275874018669128
UAE_L_092_leaf01_mask.png,UAE,29712.0,763.0092282295227,279.05670166015625,152.81333923339844,1.8261278960336103,0.5573229291716687,0.4857995314063866,0.6413309060409496,0.941148145770611,0.9393316683000854,133.70823669433594
UAE_L_093_leaf01_mask.png,UAE,36408.5,859.2762540578842,294.6604309082031,174.77711486816406,1.685921129493802,0.5750375108584064,0.5339114887201368,0.6196508219788683,0.9264148690544888,0.926967436413168,96.01168823242188
UAE_L_094_leaf01_mask.png,UAE,517394.0,3328.5364747047424,1204.3773193359375,599.3654174804688,2.0094207710527177,0.5459418450178272,0.4541573739462775,0.5868466250735073,0.9079984485377346,0.9427295196742863,49.90531539916992
UAE_L_095_leaf01_mask.png,UAE,546318.5,3012.0541578531265,1107.739501953125,650.6253662109375,1.7025765663031154,0.6791728618527377,0.5668664318178018,0.756711298623616,0.9471706879737335,0.9967996934712104,122.32785034179688
UAE_L_097_leaf01_mask.png,UAE,334672.0,2378.2825179100037,898.9669799804688,490.73046875,1.8318955867369275,0.6980710185556,0.5272808732030374,0.7435366083702302,0.958030527022881,0.9965088009480578,106.6788330078125
UAE_L_099_leaf01_mask.png,UAE,78116.5,1175.0752435922623,452.67071533203125,228.26185607910156,1.9831202773325534,0.7142537122375832,0.4853869502904288,0.7109209085020626,0.9513968446180712,0.9899693313732448,164.75062561035156
UAE_L_100_leaf01_mask.png,UAE,56793.0,990.6904675960541,349.4143981933594,212.10520935058594,1.6473635855676552,0.6552484020582874,0.592274909678487,0.727157864835372,0.9379069373906747,0.9641947641845777,131.10440063476562
UAE_L_103_leaf01_mask.png,UAE,64337.0,1403.3565499782562,549.6892700195312,156.75057983398438,3.50677662948176,0.37694516053433325,0.27110429973817807,0.4105202816124666,0.8977891672624375,0.9221761160442332,34.367374420166016
UAE_L_104_leaf01_mask.png,UAE,60404.5,1176.2712017297745,448.8458557128906,208.87379455566406,2.14888543901698,0.5056970397160271,0.38175521036494137,0.5486106433451664,0.923882297629552,0.9060561742978213,51.8572883605957
UAE_L_106_leaf01_mask.png,UAE,20856.0,634.9259679317474,248.35386657714844,109.7716293334961,2.2624595087554638,0.5635081462267975,0.430525901813843,0.6501217605314107,0.9517137747108755,0.9889984825493171,144.13214111328125
UAE_L_109_leaf01_mask.png,UAE,24953.5,840.8742331266403,357.05242919921875,97.92877960205078,3.64604185460248,0.3748460267387712,0.24921696517753814,0.44348531480611497,0.9461625172282709,0.9806067512869886,149.48448181152344
UAE_L_110_leaf01_mask.png,UAE,17470.0,637.8965303897858,258.7928466796875,88.38296508789062,2.928085139736331,0.5035307681222078,0.33212264507395745,0.5395134661642378,0.9568395248728198,0.9856135401974612,153.30953979492188
UAE_L_111_leaf01_mask.png,UAE,17617.5,655.369619011879,253.816650390625,111.43843841552734,2.277640049515081,0.490383009519568,0.3481883066343711,0.5154440543128305,0.9332939444720296,0.8508608823742484,106.4915542602539
UAE_L_116_leaf01_mask.png,UAE,78480.5,1486.7808681726456,582.489013671875,212.86520385742188,2.7364219379980437,0.5409911214051342,0.29450752963788807,0.4461467126761907,0.9331077896837735,0.8629968275611808,175.60986328125
UAE_L_118_leaf01_mask.png,UAE,50204.5,1208.7077125310898,491.25439453125,136.28041076660156,3.6047322705285127,0.6185257737039227,0.26487432807983224,0.43182712980169863,0.9374073651191344,0.9204910067655525,175.29147338867188
UAE_L_119_leaf01_mask.png,UAE,34571.0,808.4650719165802,306.4587707519531,150.0166778564453,2.0428313380277032,0.6020305098913347,0.46868165009514406,0.6646596009171046,0.9447300115637122,0.9501834622837275,116.96599578857422
UAE_L_120_leaf01_mask.png,UAE,16094.0,680.8082177639008,264.9231262207031,85.63036346435547,3.0937989225163123,0.39330400782013686,0.291967407130123,0.43633925160289727,0.8989613494567666,0.9056582538476688,142.62576293945312
UAE_L_122_leaf01_mask.png,UAE,28537.5,801.1585038900375,339.844970703125,110.48976135253906,3.075805093096215,0.4355540293040293,0.3146040785817028,0.5587131521322339,0.9555969866988017,0.9724659658209946,130.1902313232422
UAE_L_123_leaf01_mask.png,UAE,31544.0,961.0579986572266,353.8024597167969,167.37062072753906,2.1138862852922577,0.4095825488541193,0.32085232220833537,0.42916809945874257,0.9225581422472556,0.7798558661013387,108.54583740234375
UAE_L_126_leaf01_mask.png,UAE,30253.5,791.9381605386734,321.1259460449219,123.74803924560547,2.5949982561547995,0.5709931300015099,0.37353813854073736,0.6061818768894824,0.9484746619284531,0.9873696578058452,24.498085021972656
UAE_L_132_leaf01_mask.png,UAE,301843.0,2308.625663757324,889.472900390625,439.96417236328125,2.0216939384241077,0.6160677292219018,0.4857645137327056,0.7116786449502299,0.9454898188520772,0.9944994028252543,47.3508415222168
UAE_L_136_leaf01_mask.png,UAE,103658.5,1591.0407537221909,679.2327880859375,217.9896240234375,3.115895039173556,0.6022455263769463,0.28607358236053626,0.514579139061719,0.9452537578380736,0.9718090666616667,169.39688110351562
UAE_L_137_leaf01_mask.png,UAE,107250.0,1481.1900293827057,575.7338256835938,264.0536193847656,2.180367105079001,0.5802692232778583,0.4119684215288212,0.6143071992877297,0.9361481600616457,0.9772165047084068,107.00125885009766
UAE_L_138_leaf01_mask.png,UAE,34591.5,1062.3300768136978,408.384765625,120.63224792480469,3.385369771767529,0.4090038427431274,0.2640830017642703,0.3851769624719939,0.9231445250506405,0.9255127021712084,66.18325805664062
UAE_L_139_leaf01_mask.png,UAE,64450.0,1133.2833943367004,438.3721923828125,213.2823944091797,2.0553604229601845,0.5480442176870748,0.42701884892818315,0.630602568387516,0.9543699931472578,0.963759934802276,27.752641677856445
UAE_L_141_leaf01_mask.png,UAE,56733.5,1223.2072743177414,461.72882080078125,173.72518920898438,2.6578115868122048,0.39988933764705054,0.3388252192029074,0.47648510670979877,0.929793747217129,0.9358566197090166,46.05318069458008
UAE_L_142_leaf01_mask.png,UAE,35819.5,964.9675980806351,400.5851135253906,117.86054229736328,3.3988059592896707,0.6120898838004101,0.2842104392083709,0.483396967739695,0.9489794074248519,0.9815578543536343,79.44309997558594
UAE_L_143_leaf01_mask.png,UAE,162690.0,1894.1748723983765,736.1585083007812,302.8721923828125,2.430591275181581,0.4876710850524271,0.38223311172175756,0.569810674778459,0.9415596644397576,0.9734804514067568,51.960262298583984
UAE_L_144_leaf01_mask.png,UAE,128895.5,2090.1778367757797,885.3825073242188,225.99310302734375,3.9177412737993733,0.5213691980988978,0.2093562832587891,0.37074998556187894,0.946915191844095,0.841829753744771,10.424304008483887
UAE_L_145_leaf01_mask.png,UAE,234553.0,2375.478476047516,972.1422119140625,335.2415771484375,2.899825911162623,0.47825014272897803,0.3160032201089962,0.5223344338045683,0.9528446397145439,0.9846604004080485,28.190044403076172
UAE_L_147_leaf01_mask.png,UAE,123022.0,1559.7585709095001,613.3228149414062,259.78106689453125,2.360921918880292,0.581112040094284,0.4164037780932478,0.6354448812893273,0.9428244585414696,0.9948849415104182,153.62547302246094
UAE_L_148_leaf01_mask.png,UAE,65510.0,1115.4011445045471,421.9369812011719,209.62966918945312,2.012773205398925,0.6502878697637483,0.4685139595514323,0.6616910979204458,0.946676563009735,0.9900556160077378,76.50312042236328
UAE_L_151_leaf01_mask.png,UAE,86406.0,1291.4844048023224,520.635498046875,213.90872192382812,2.43391430402857,0.6885488883576381,0.4058695477505186,0.6509916712643306,0.954841417465468,0.9925449428522198,11.73259449005127
UAE_L_152_leaf01_mask.png,UAE,311311.0,2396.591173887253,921.3455810546875,437.43499755859375,2.1062456963820657,0.5851358564898352,0.4669382708208191,0.6811086869708464,0.948882519453855,0.9933248884024722,38.340206146240234
UAE_L_153_leaf01_mask.png,UAE,271566.5,2205.2947105169296,846.5698852539062,428.3580627441406,1.9763136471171423,0.6046097159141509,0.4824593005594807,0.7017021181370188,0.9566575854053913,0.995724748608985,148.4164276123047
UAE_L_158_leaf01_mask.png,UAE,98363.0,1409.5920503139496,441.7055969238281,299.46612548828125,1.4749768315318623,0.6491064829479464,0.6419128652882001,0.6220921861726068,0.8772202866178407,0.93059977199298,2.894089937210083
UAE_L_159_leaf01_mask.png,UAE,68590.5,1073.5605248212814,365.7686767578125,241.79786682128906,1.512704316073017,0.7001316756491915,0.6527713198771212,0.7478607914679228,0.9269397263299367,0.969607226412027,139.9351043701172
UAE_L_161_leaf01_mask.png,UAE,127985.5,1845.1139093637466,674.087158203125,268.4683532714844,2.5108626398190963,0.5137112214466623,0.3586235297837688,0.4724156408279023,0.9296002957752257,0.9373411649248211,173.5624542236328
UAE_L_162_leaf01_mask.png,UAE,216358.5,2047.2703253030777,793.8513793945312,359.1786193847656,2.2101855081305044,0.5815025747981551,0.43712502784260127,0.648684383644785,0.9507895989430601,0.989671410895335,150.0000457763672
UAE_L_163_leaf01_mask.png,UAE,520742.5,3568.2551683187485,1493.5233154296875,485.34625244140625,3.077232610568048,0.5842616767065006,0.29724128410116224,0.513950248933434,0.9513789886655531,0.9619891062285881,14.322749137878418
UAE_L_164_leaf01_mask.png,UAE,73647.5,1285.8447955846786,527.0611572265625,192.7467803955078,2.734474506630183,0.6612035839977016,0.33755621246068923,0.5597457055467451,0.9463520526615875,0.9768998129700619,179.83779907226562
UAE_L_165_leaf01_mask.png,UAE,65455.5,1229.7169407606125,521.7828979492188,162.66357421875,3.207742731925496,0.43068779239237,0.306109340969183,0.5439333617300841,0.9532322750149462,0.9872996719333308,134.6746826171875
UAE_L_166_leaf01_mask.png,UAE,62375.0,1171.474300146103,499.170166015625,174.20098876953125,2.865484114306777,0.4484055095468139,0.3187303616130284,0.5711561950319931,0.9573979414982431,0.9652957790072348,40.12588882446289
UAE_L_169_leaf01_mask.png,UAE,52622.5,988.1290663480759,377.0470886230469,183.1716766357422,2.0584355373502863,0.6083526011560694,0.4712923734500844,0.6772577630640274,0.9427387365717537,0.9708052762660271,122.26619720458984
UAE_L_170_leaf01_mask.png,UAE,35477.0,901.0579986572266,351.8152160644531,133.93341064453125,2.6267920332305703,0.45726622414126444,0.3649452949952721,0.54909976713002,0.9368963198851373,0.9702447695884042,133.51266479492188
UAE_L_171_leaf01_mask.png,UAE,28206.0,694.0386657714844,256.2245788574219,143.2447509765625,1.7887187984943684,0.6277066874374095,0.5470286142841868,0.7358410859285283,0.9436879856982325,0.9834042256467471,141.80499267578125
UAE_L_173_leaf01_mask.png,UAE,43039.0,1159.425529718399,506.1024169921875,124.7033920288086,4.058449483677792,0.38322974729756204,0.2139417125711431,0.4023336137700955,0.929832144922776,0.836195842238197,116.50212860107422
UAE_L_174_leaf01_mask.png,UAE,73180.5,1270.4722121953964,497.6089172363281,200.69244384765625,2.4794601515444117,0.5866313418358758,0.37629563651076536,0.5697376177018707,0.9395527478124877,0.9524246446977979,19.57342529296875
UAE_L_175_leaf01_mask.png,UAE,25168.0,667.0092282295227,236.91159057617188,141.2504425048828,1.6772449443334112,0.5923554886085483,0.5709343946710402,0.710877689337307,0.9341578603276456,0.9713436637656548,38.00812911987305
UAE_L_176_leaf01_mask.png,UAE,31835.0,789.1513636112213,305.2511291503906,137.65130615234375,2.217567981611144,0.6358733646259862,0.43501117592273175,0.6423830833796353,0.9466221639925255,0.9878669397380997,167.5731964111328
UAE_L_177_leaf01_mask.png,UAE,27780.0,830.4061968326569,345.4358825683594,116.82367706298828,2.9568995879329267,0.4555293191656828,0.2964199728500454,0.5062452281795019,0.9403721842951883,0.9730808974201797,62.073551177978516
UAE_L_180_leaf01_mask.png,UAE,40396.0,893.7199051380157,318.0070495605469,179.22178649902344,1.7743771880227277,0.580903077365545,0.508598397141157,0.6355436239530837,0.9217390785640556,0.9533879304241109,59.848846435546875
UAE_L_181_leaf01_mask.png,UAE,19310.0,738.2985513210297,326.0601501464844,81.96286010742188,3.978145097903423,0.48918275320464105,0.2312580951139054,0.44517227122994774,0.9390739774249623,0.9606487239440824,71.61392974853516
UAE_L_183_leaf01_mask.png,UAE,86909.5,1299.3838995695114,517.74462890625,216.46636962890625,2.3918016909223945,0.6768652647975077,0.41280615646490226,0.6468478709069765,0.9513623183064763,0.9918741404792203,12.109419822692871
UAE_L_185_leaf01_mask.png,UAE,121353.0,1545.474300146103,608.433349609375,259.2571716308594,2.346833245853991,0.5920467185761957,0.4173828635919124,0.6384645757227331,0.9474461255371606,0.9926341577132761,153.5421142578125
UAE_L_187_leaf01_mask.png,UAE,80779.5,1143.4671598672867,417.0911560058594,250.46360778808594,1.6652764834352896,0.6903345724907063,0.5912202721097662,0.7763608594999248,0.9538743993400072,0.9876572644243113,16.670791625976562
UAE_L_188_leaf01_mask.png,UAE,35521.0,925.0579986572266,371.9503479003906,128.2794189453125,2.8995325279650572,0.4301300525538253,0.32690786087181267,0.5216234681497626,0.9407699985831659,0.9776511711116616,128.3231964111328
UAE_L_191_leaf01_mask.png,UAE,33602.5,771.5361396074295,296.83538818359375,147.59786987304688,2.0111088895721214,0.6130724320379493,0.48556833468373334,0.7093636112254215,0.9428997147306686,0.9927909828194939,59.18043518066406
UAE_L_192_leaf01_mask.png,UAE,213288.5,2017.5890859365463,788.2603149414062,351.7320251464844,2.241082012970308,0.5987213676173366,0.4370571541858345,0.6584334168772482,0.9460222108939998,0.9876845351658733,150.90090942382812
UAE_L_194_leaf01_mask.png,UAE,216928.5,2048.2997628450394,791.1093139648438,361.0915832519531,2.19088273074713,0.5871501651058302,0.44132012918040625,0.6497397662059586,0.9488013353433783,0.9912630431752806,149.87474060058594
UAE_L_196_leaf01_mask.png,UAE,165460.5,2077.7211166620255,868.6461181640625,268.6980285644531,3.232796767452645,0.3939254338975787,0.27920210264973894,0.48164791985831273,0.9460474977936381,0.9470552714347449,51.08209228515625
UAE_L_197_leaf01_mask.png,UAE,526405.0,3592.095788002014,1488.4957275390625,491.4383544921875,3.0288554280163034,0.5812493650926854,0.3025066592879507,0.5126654515314331,0.9494531431686233,0.9632032057674538,14.491118431091309
UAE_L_198_leaf01_mask.png,UAE,73266.0,1293.0579986572266,523.5625,192.75051879882812,2.7162702505949525,0.6404370629370629,0.3403106454238856,0.5506508772428887,0.9433425371204432,0.9620831609840651,0.023931404575705528
UAE_L_199_leaf01_mask.png,UAE,61803.5,1173.4326699972153,494.556396484375,174.63638305664062,2.8319207477171195,0.4502003205128205,0.32172998771470745,0.5640356876988688,0.9533628333610524,0.9619970425714063,39.83754348754883
UAE_L_200_leaf01_mask.png,UAE,37103.0,940.5239470005035,383.3946838378906,125.69602966308594,3.050173381494522,0.6541662258894884,0.3213860128007137,0.5270832011367285,0.9436939185858719,0.9879643189988018,82.68598937988281
UAE_L_201_leaf01_mask.png,UAE,35517.5,906.815358042717,353.1927490234375,134.82177734375,2.6197010303677817,0.4562416503956428,0.362517477787316,0.5427683555212208,0.9365472339754048,0.9628078450507597,133.65916442871094
UAE_L_202_leaf01_mask.png,UAE,20229.0,604.7249574661255,224.1128387451172,120.3949966430664,1.861479671032691,0.6076964671953857,0.512803593313119,0.6951339393926441,0.9531369450535487,0.9579032105313003,116.39310455322266
UAE_L_204_leaf01_mask.png,UAE,25449.0,786.3473217487335,325.22027587890625,104.96985626220703,3.098225409269207,0.44598857383197227,0.30635545129997804,0.5171919563215235,0.9289198296891958,0.9774355232078045,55.9809455871582
UAE_L_206_leaf01_mask.png,UAE,36802.0,913.2934989929199,346.5435791015625,158.9934844970703,2.179608681435924,0.6043021346469623,0.3901807387600111,0.5544476569078032,0.9249961036963226,0.850952645209027,178.97320556640625
UAE_L_210_leaf01_mask.png,UAE,54251.5,1070.815358042717,420.8204345703125,167.5798797607422,2.5111632444845284,0.5576266831123445,0.390057136434513,0.5945555421808251,0.9466149955630484,0.9861040424603752,115.66658020019531
UAE_L_212_leaf01_mask.png,UAE,40868.5,935.5016497373581,361.5110778808594,154.60903930664062,2.338227308714233,0.5148722535779077,0.3981581378805727,0.5868261339787877,0.9286434063618224,0.9401865718853882,36.835906982421875
UAE_L_213_leaf01_mask.png,UAE,52275.0,1049.4844048023224,419.6703796386719,160.9796600341797,2.606977673760562,0.5162708014419041,0.37790925210941584,0.5964196268614455,0.952824832991034,0.9904507474563747,122.4057388305664
UAE_L_214_leaf01_mask.png,UAE,34295.0,928.3717069625854,310.81365966796875,154.525390625,2.0114083414436847,0.5402999653401392,0.452002390746013,0.5000309408037859,0.8644650965061583,0.8814156107841373,123.14430236816406
UAE_L_215_leaf01_mask.png,UAE,22355.0,829.7787802219391,366.7785339355469,80.65872192382812,4.547289185686855,0.398399629312803,0.2115811495352322,0.40799974271161665,0.9388203357079377,0.9654293796290299,159.1083984375
UAE_L_218_leaf01_mask.png,UAE,161169.5,2078.5840336084366,870.9260864257812,283.2665100097656,3.07458190661422,0.39598607398380375,0.27053931079121385,0.4687675588857096,0.9290725484864631,0.9031203332987782,139.56170654296875
UAE_L_224_leaf01_mask.png,UAE,93218.5,1322.1778367757797,507.8856201171875,241.36619567871094,2.1042118954936333,0.5741469573786647,0.460129836596599,0.6700885983804381,0.9407164810944031,0.974288894579242,129.2945556640625
UAE_L_227_leaf01_mask.png,UAE,41041.5,1010.5310872793198,410.4316101074219,138.99839782714844,2.9527794314421842,0.472915514380531,0.3102071052917172,0.5050492521782411,0.9381700037452495,0.8893933319608629,62.0906867980957
UAE_L_229_leaf01_mask.png,UAE,79178.0,1248.6803629398346,466.8550109863281,233.36109924316406,2.0005691287041016,0.5691263782866837,0.4625413853204513,0.6381339162519247,0.9254777802599239,0.9658091509008185,139.5308837890625
UAE_L_232_leaf01_mask.png,UAE,67189.0,1197.2102386951447,512.5868530273438,177.47079467773438,2.888288486892392,0.7622467270210787,0.32559173338426495,0.5890703948011694,0.9576101015533122,0.9849448809663423,0.3070403039455414
UAE_L_233_leaf01_mask.png,UAE,87294.0,1185.9696860313416,421.7226257324219,274.5888366699219,1.5358331054053984,0.7082332705912897,0.6249434335531733,0.7799146558420339,0.9501094422322586,0.99410103402724,86.58929443359375
UAE_L_234_leaf01_mask.png,UAE,55314.0,1037.6610300540924,411.1889953613281,177.0603790283203,2.322309472157854,0.6622210516234077,0.41654528001531405,0.6455559906374267,0.9459972289573916,0.9930878471785849,100.6513900756836
UAE_L_235_leaf01_mask.png,UAE,55755.5,1081.016368508339,409.00341796875,185.85655212402344,2.200640296478862,0.5464886057338888,0.4243693003871318,0.5995605355230319,0.944705564310071,0.9650120290080828,58.788970947265625
UAE_L_236_leaf01_mask.png,UAE,45651.5,1102.1534515619278,466.633544921875,145.6638641357422,3.203495579981494,0.39821962857317317,0.2669397559901273,0.4722595901917345,0.944801810821153,0.9302299518089474,125.24607849121094
UAE_L_237_leaf01_mask.png,UAE,66347.0,1197.1757488250732,490.9533996582031,180.44720458984375,2.720759242428496,0.6867366372707324,0.3504700136447408,0.5817217912458693,0.9495234550155546,0.9742512903723174,170.7992401123047
UAE_L_238_leaf01_mask.png,UAE,87285.5,1184.0113161802292,421.93121337890625,274.6838073730469,1.5360614716028138,0.699986366844165,0.6242648951823796,0.7824205737668481,0.9513255483113104,0.9951715331379904,86.87415313720703
UAE_L_240_leaf01_mask.png,UAE,643462.0,3537.34051656723,1360.437255859375,627.7139892578125,2.1672884134188397,0.6499832822710252,0.4426658201404163,0.6462179712128132,0.9524267957395587,0.9935910749097647,104.86981201171875
UAE_L_241_leaf01_mask.png,UAE,173505.5,2009.5159302949905,779.2208251953125,302.0839538574219,2.5794843295883587,0.6295189684198305,0.3638331471901076,0.5399334123039645,0.9159219083223408,0.9153378861376867,104.00658416748047
UAE_L_242_leaf01_mask.png,UAE,200492.5,1992.261097073555,797.3507690429688,324.32794189453125,2.4584707823362955,0.6964955064806033,0.401522063845015,0.6347686740771584,0.954762125401115,0.9929156163488062,104.71246337890625
UAE_L_244_leaf01_mask.png,UAE,515786.0,3270.6155591011047,1245.2769775390625,571.6031494140625,2.1785691328250514,0.6598226438651971,0.4234944766513045,0.6059271562348455,0.9251958420164984,0.9538609485237686,89.212890625
UAE_L_247_leaf01_mask.png,UAE,73363.5,1092.5310872793198,372.6778869628906,266.5576171875,1.3981138145481855,0.6965175782548017,0.6725474216955873,0.7723644917591856,0.9415691570544725,0.9814646349783943,110.732421875
UAE_L_248_leaf01_mask.png,UAE,75724.5,1242.790972828865,495.92523193359375,197.80288696289062,2.507168826239797,0.7243244535845808,0.39202532437506016,0.6160984247147133,0.9463069552189585,0.978099974166882,2.3543035984039307
UAE_L_250_leaf01_mask.png,UAE,125056.0,1610.0773315429688,635.6027221679688,254.12985229492188,2.5010942887195373,0.6653472089212369,0.3941333229749495,0.6062069711046195,0.947163086612555,0.994587888162944,80.9404067993164
UAE_L_251_leaf01_mask.png,UAE,48843.5,1018.6976078748703,418.7717590332031,153.95941162109375,2.720014025929337,0.48249071439860913,0.3546190998100344,0.5914609386311198,0.9456452925827348,0.9824997234151689,126.69166564941406
UAE_L_252_leaf01_mask.png,UAE,88285.5,1389.5849100351334,536.6423950195312,212.93905639648438,2.5201689351920655,0.6484333685880487,0.39032785164298583,0.5745516369749106,0.9331922684363226,0.9821067034507308,73.66278839111328
UAE_L_256_leaf01_mask.png,UAE,64624.5,1141.903670668602,452.19024658203125,187.4303741455078,2.4125771964312595,0.6939916237113402,0.4024064500048789,0.6227993089223332,0.9535797062145245,0.9808756232497781,6.515336513519287
UAE_L_257_leaf01_mask.png,UAE,94676.0,1536.361602306366,553.829345703125,242.51515197753906,2.283689663045956,0.5287064907215574,0.3930050144981671,0.5040375316092619,0.8801242612824839,0.8912150236509543,119.48066711425781
UAE_L_258_leaf01_mask.png,UAE,118982.0,1547.6753106117249,607.6506958007812,257.8677673339844,2.3564430020979166,0.6878566266801561,0.4102828695874803,0.6242110030562449,0.9326479821432915,0.9598612427646572,86.87286376953125
UAE_L_259_leaf01_mask.png,UAE,54495.5,1118.2468165159225,446.33673095703125,164.15945434570312,2.7189218722492305,0.6431058084920579,0.3482936076131231,0.5476400036650542,0.9513266573413207,0.9735424687145499,175.2013397216797
